D,string,u
D,1963-01-01 18:00:00,59.7
D,1963-01-02 18:00:00,59.6
D,1963-01-03 18:00:00,58.8
D,1963-01-04 18:00:00,58.5
D,1963-01-05 18:00:00,58.3
D,1963-01-06 18:00:00,59.3
D,1963-01-07 18:00:00,60.9
D,1963-01-08 18:00:00,62.6
D,1963-01-09 18:00:00,63.5
D,1963-01-10 18:00:00,63.4
D,1963-01-11 18:00:00,63.1
D,1963-01-12 18:00:00,60.6
D,1963-01-13 18:00:00,56.9
D,1963-01-14 18:00:00,52.3
D,1963-01-15 18:00:00,49.4
D,1963-01-16 18:00:00,47.0
D,1963-01-17 18:00:00,44.3
D,1963-01-18 18:00:00,42.4
D,1963-01-19 18:00:00,40.4
D,1963-01-20 18:00:00,38.3
D,1963-01-21 18:00:00,34.9
D,1963-01-22 18:00:00,30.6
D,1963-01-23 18:00:00,24.3
D,1963-01-24 18:00:00,16.3
D,1963-01-25 18:00:00,8.4
D,1963-01-26 18:00:00,2.8
D,1963-01-27 18:00:00,-0.3
D,1963-01-28 18:00:00,-2.2
D,1963-01-29 18:00:00,-3.4
D,1963-01-30 18:00:00,-4.5
D,1963-01-31 18:00:00,-5.2
D,1963-02-01 18:00:00,-5.4
D,1963-02-02 18:00:00,-4.7
D,1963-02-03 18:00:00,-3.1
D,1963-02-04 18:00:00,-1.3
D,1963-02-05 18:00:00,-0.2
D,1963-02-06 18:00:00,0.1
D,1963-02-07 18:00:00,0.2
D,1963-02-08 18:00:00,0.8
D,1963-02-09 18:00:00,0.6
D,1963-02-10 18:00:00,-0.8
D,1963-02-11 18:00:00,-1.7
D,1963-02-12 18:00:00,-1.8
D,1963-02-13 18:00:00,-0.3
D,1963-02-14 18:00:00,1.0
D,1963-02-15 18:00:00,3.4
D,1963-02-16 18:00:00,5.2
D,1963-02-17 18:00:00,6.6
D,1963-02-18 18:00:00,7.0
D,1963-02-19 18:00:00,6.8
D,1963-02-20 18:00:00,6.5
D,1963-02-21 18:00:00,6.1
D,1963-02-22 18:00:00,6.4
D,1963-02-23 18:00:00,7.2
D,1963-02-24 18:00:00,8.9
D,1963-02-25 18:00:00,10.7
D,1963-02-26 18:00:00,12.4
D,1963-02-27 18:00:00,13.5
D,1963-02-28 18:00:00,13.9
D,1963-03-01 18:00:00,13.7
D,1963-03-02 18:00:00,12.5
D,1963-03-03 18:00:00,11.3
D,1963-03-04 18:00:00,10.6
D,1963-03-05 18:00:00,10.5
D,1963-03-06 18:00:00,11.5
D,1963-03-07 18:00:00,12.7
D,1963-03-08 18:00:00,14.3
D,1963-03-09 18:00:00,15.1
D,1963-03-10 18:00:00,15.9
D,1963-03-11 18:00:00,16.2
D,1963-03-12 18:00:00,16.6
D,1963-03-13 18:00:00,16.8
D,1963-03-14 18:00:00,17.3
D,1963-03-15 18:00:00,18.0
D,1963-03-16 18:00:00,19.2
D,1963-03-17 18:00:00,20.1
D,1963-03-18 18:00:00,20.6
D,1963-03-19 18:00:00,20.4
D,1963-03-20 18:00:00,20.2
D,1963-03-21 18:00:00,20.4
D,1963-03-22 18:00:00,21.2
D,1963-03-23 18:00:00,22.4
D,1963-03-24 18:00:00,23.5
D,1963-03-25 18:00:00,23.8
D,1963-03-26 18:00:00,23.0
D,1963-03-27 18:00:00,22.2
D,1963-03-28 18:00:00,21.5
D,1963-03-29 18:00:00,21.1
D,1963-03-30 18:00:00,19.9
D,1963-03-31 18:00:00,18.9
D,1963-04-01 18:00:00,17.6
D,1963-04-02 18:00:00,17.0
D,1963-04-03 18:00:00,16.2
D,1963-04-04 18:00:00,15.4
D,1963-04-05 18:00:00,14.0
D,1963-04-06 18:00:00,12.0
D,1963-04-07 18:00:00,9.6
D,1963-04-08 18:00:00,7.5
D,1963-04-09 18:00:00,5.5
D,1963-04-10 18:00:00,3.7
D,1963-04-11 18:00:00,1.8
D,1963-04-12 18:00:00,0.1
D,1963-04-13 18:00:00,-0.8
D,1963-04-14 18:00:00,-1.3
D,1963-04-15 18:00:00,-1.2
D,1963-04-16 18:00:00,-1.5
D,1963-04-17 18:00:00,-2.0
D,1963-04-18 18:00:00,-2.5
D,1963-04-19 18:00:00,-2.7
D,1963-04-20 18:00:00,-2.4
D,1963-04-21 18:00:00,-2.0
D,1963-04-22 18:00:00,-1.1
D,1963-04-23 18:00:00,-0.1
D,1963-04-24 18:00:00,1.3
D,1963-04-25 18:00:00,2.1
D,1963-04-26 18:00:00,2.3
D,1963-04-27 18:00:00,2.1
D,1963-04-28 18:00:00,1.9
D,1963-04-29 18:00:00,1.5
D,1963-04-30 18:00:00,1.4
D,1963-05-01 18:00:00,1.3
D,1963-05-02 18:00:00,0.9
D,1963-05-03 18:00:00,0.1
D,1963-05-04 18:00:00,-0.7
D,1963-05-05 18:00:00,-1.1
D,1963-05-06 18:00:00,-1.5
D,1963-05-07 18:00:00,-1.6
D,1963-05-08 18:00:00,-1.7
D,1963-05-09 18:00:00,-1.7
D,1963-05-10 18:00:00,-1.7
D,1963-05-11 18:00:00,-2.0
D,1963-05-12 18:00:00,-2.6
D,1963-05-13 18:00:00,-3.2
D,1963-05-14 18:00:00,-3.6
D,1963-05-15 18:00:00,-3.7
D,1963-05-16 18:00:00,-4.1
D,1963-05-17 18:00:00,-4.7
D,1963-05-18 18:00:00,-5.4
D,1963-05-19 18:00:00,-6.1
D,1963-05-20 18:00:00,-6.9
D,1963-05-21 18:00:00,-7.3
D,1963-05-22 18:00:00,-7.6
D,1963-05-23 18:00:00,-7.7
D,1963-05-24 18:00:00,-7.9
D,1963-05-25 18:00:00,-8.2
D,1963-05-26 18:00:00,-8.2
D,1963-05-27 18:00:00,-8.6
D,1963-05-28 18:00:00,-9.0
D,1963-05-29 18:00:00,-9.7
D,1963-05-30 18:00:00,-10.2
D,1963-05-31 18:00:00,-10.0
D,1963-06-01 18:00:00,-9.9
D,1963-06-02 18:00:00,-9.7
D,1963-06-03 18:00:00,-9.9
D,1963-06-04 18:00:00,-9.6
D,1963-06-05 18:00:00,-9.5
D,1963-06-06 18:00:00,-9.5
D,1963-06-07 18:00:00,-10.0
D,1963-06-08 18:00:00,-10.6
D,1963-06-09 18:00:00,-11.4
D,1963-06-10 18:00:00,-11.7
D,1963-06-11 18:00:00,-11.7
D,1963-06-12 18:00:00,-11.4
D,1963-06-13 18:00:00,-11.3
D,1963-06-14 18:00:00,-11.4
D,1963-06-15 18:00:00,-11.5
D,1963-06-16 18:00:00,-11.7
D,1963-06-17 18:00:00,-11.7
D,1963-06-18 18:00:00,-11.4
D,1963-06-19 18:00:00,-11.1
D,1963-06-20 18:00:00,-11.0
D,1963-06-21 18:00:00,-11.3
D,1963-06-22 18:00:00,-11.6
D,1963-06-23 18:00:00,-11.7
D,1963-06-24 18:00:00,-11.6
D,1963-06-25 18:00:00,-11.8
D,1963-06-26 18:00:00,-12.0
D,1963-06-27 18:00:00,-12.3
D,1963-06-28 18:00:00,-12.1
D,1963-06-29 18:00:00,-11.9
D,1963-06-30 18:00:00,-11.4
D,1963-07-01 18:00:00,-11.1
D,1963-07-02 18:00:00,-10.9
D,1963-07-03 18:00:00,-11.0
D,1963-07-04 18:00:00,-11.0
D,1963-07-05 18:00:00,-11.1
D,1963-07-06 18:00:00,-11.5
D,1963-07-07 18:00:00,-11.7
D,1963-07-08 18:00:00,-12.0
D,1963-07-09 18:00:00,-12.1
D,1963-07-10 18:00:00,-12.0
D,1963-07-11 18:00:00,-11.8
D,1963-07-12 18:00:00,-11.5
D,1963-07-13 18:00:00,-11.2
D,1963-07-14 18:00:00,-10.8
D,1963-07-15 18:00:00,-10.8
D,1963-07-16 18:00:00,-10.8
D,1963-07-17 18:00:00,-10.7
D,1963-07-18 18:00:00,-10.8
D,1963-07-19 18:00:00,-11.0
D,1963-07-20 18:00:00,-11.2
D,1963-07-21 18:00:00,-11.0
D,1963-07-22 18:00:00,-10.9
D,1963-07-23 18:00:00,-10.7
D,1963-07-24 18:00:00,-10.6
D,1963-07-25 18:00:00,-10.5
D,1963-07-26 18:00:00,-10.3
D,1963-07-27 18:00:00,-9.8
D,1963-07-28 18:00:00,-9.2
D,1963-07-29 18:00:00,-8.9
D,1963-07-30 18:00:00,-9.0
D,1963-07-31 18:00:00,-9.1
D,1963-08-01 18:00:00,-9.1
D,1963-08-02 18:00:00,-8.8
D,1963-08-03 18:00:00,-8.5
D,1963-08-04 18:00:00,-8.2
D,1963-08-05 18:00:00,-7.9
D,1963-08-06 18:00:00,-7.4
D,1963-08-07 18:00:00,-7.0
D,1963-08-08 18:00:00,-6.9
D,1963-08-09 18:00:00,-6.7
D,1963-08-10 18:00:00,-6.8
D,1963-08-11 18:00:00,-6.5
D,1963-08-12 18:00:00,-6.2
D,1963-08-13 18:00:00,-5.6
D,1963-08-14 18:00:00,-5.1
D,1963-08-15 18:00:00,-4.4
D,1963-08-16 18:00:00,-3.7
D,1963-08-17 18:00:00,-2.9
D,1963-08-18 18:00:00,-2.3
D,1963-08-19 18:00:00,-1.7
D,1963-08-20 18:00:00,-1.3
D,1963-08-21 18:00:00,-0.9
D,1963-08-22 18:00:00,-0.6
D,1963-08-23 18:00:00,-0.1
D,1963-08-24 18:00:00,0.3
D,1963-08-25 18:00:00,0.9
D,1963-08-26 18:00:00,1.0
D,1963-08-27 18:00:00,1.3
D,1963-08-28 18:00:00,1.9
D,1963-08-29 18:00:00,2.4
D,1963-08-30 18:00:00,2.8
D,1963-08-31 18:00:00,2.7
D,1963-09-01 18:00:00,2.7
D,1963-09-02 18:00:00,2.8
D,1963-09-03 18:00:00,3.0
D,1963-09-04 18:00:00,3.1
D,1963-09-05 18:00:00,3.2
D,1963-09-06 18:00:00,3.3
D,1963-09-07 18:00:00,3.7
D,1963-09-08 18:00:00,4.1
D,1963-09-09 18:00:00,4.5
D,1963-09-10 18:00:00,4.7
D,1963-09-11 18:00:00,5.2
D,1963-09-12 18:00:00,5.8
D,1963-09-13 18:00:00,6.4
D,1963-09-14 18:00:00,6.5
D,1963-09-15 18:00:00,6.5
D,1963-09-16 18:00:00,6.5
D,1963-09-17 18:00:00,6.8
D,1963-09-18 18:00:00,6.7
D,1963-09-19 18:00:00,7.1
D,1963-09-20 18:00:00,7.5
D,1963-09-21 18:00:00,8.6
D,1963-09-22 18:00:00,9.7
D,1963-09-23 18:00:00,10.7
D,1963-09-24 18:00:00,11.0
D,1963-09-25 18:00:00,11.0
D,1963-09-26 18:00:00,11.1
D,1963-09-27 18:00:00,11.3
D,1963-09-28 18:00:00,11.3
D,1963-09-29 18:00:00,11.3
D,1963-09-30 18:00:00,12.1
D,1963-10-01 18:00:00,13.0
D,1963-10-02 18:00:00,14.2
D,1963-10-03 18:00:00,15.1
D,1963-10-04 18:00:00,15.9
D,1963-10-05 18:00:00,16.2
D,1963-10-06 18:00:00,16.0
D,1963-10-07 18:00:00,15.3
D,1963-10-08 18:00:00,15.2
D,1963-10-09 18:00:00,15.9
D,1963-10-10 18:00:00,16.7
D,1963-10-11 18:00:00,17.5
D,1963-10-12 18:00:00,17.9
D,1963-10-13 18:00:00,18.6
D,1963-10-14 18:00:00,19.5
D,1963-10-15 18:00:00,20.7
D,1963-10-16 18:00:00,22.3
D,1963-10-17 18:00:00,23.9
D,1963-10-18 18:00:00,24.9
D,1963-10-19 18:00:00,25.6
D,1963-10-20 18:00:00,26.0
D,1963-10-21 18:00:00,26.5
D,1963-10-22 18:00:00,26.2
D,1963-10-23 18:00:00,25.3
D,1963-10-24 18:00:00,24.1
D,1963-10-25 18:00:00,23.2
D,1963-10-26 18:00:00,23.3
D,1963-10-27 18:00:00,24.4
D,1963-10-28 18:00:00,25.9
D,1963-10-29 18:00:00,26.6
D,1963-10-30 18:00:00,26.1
D,1963-10-31 18:00:00,24.6
D,1963-11-01 18:00:00,23.3
D,1963-11-02 18:00:00,23.2
D,1963-11-03 18:00:00,24.3
D,1963-11-04 18:00:00,25.6
D,1963-11-05 18:00:00,26.0
D,1963-11-06 18:00:00,26.1
D,1963-11-07 18:00:00,26.4
D,1963-11-08 18:00:00,27.2
D,1963-11-09 18:00:00,27.7
D,1963-11-10 18:00:00,28.2
D,1963-11-11 18:00:00,28.9
D,1963-11-12 18:00:00,29.5
D,1963-11-13 18:00:00,30.0
D,1963-11-14 18:00:00,29.9
D,1963-11-15 18:00:00,30.0
D,1963-11-16 18:00:00,30.1
D,1963-11-17 18:00:00,30.0
D,1963-11-18 18:00:00,30.4
D,1963-11-19 18:00:00,31.6
D,1963-11-20 18:00:00,33.2
D,1963-11-21 18:00:00,35.0
D,1963-11-22 18:00:00,36.4
D,1963-11-23 18:00:00,37.9
D,1963-11-24 18:00:00,39.2
D,1963-11-25 18:00:00,40.4
D,1963-11-26 18:00:00,41.3
D,1963-11-27 18:00:00,40.9
D,1963-11-28 18:00:00,40.0
D,1963-11-29 18:00:00,38.8
D,1963-11-30 18:00:00,38.1
D,1963-12-01 18:00:00,38.4
D,1963-12-02 18:00:00,40.2
D,1963-12-03 18:00:00,41.9
D,1963-12-04 18:00:00,41.7
D,1963-12-05 18:00:00,39.6
D,1963-12-06 18:00:00,38.1
D,1963-12-07 18:00:00,38.3
D,1963-12-08 18:00:00,40.0
D,1963-12-09 18:00:00,41.3
D,1963-12-10 18:00:00,42.4
D,1963-12-11 18:00:00,43.0
D,1963-12-12 18:00:00,43.1
D,1963-12-13 18:00:00,42.9
D,1963-12-14 18:00:00,42.9
D,1963-12-15 18:00:00,43.2
D,1963-12-16 18:00:00,42.4
D,1963-12-17 18:00:00,41.1
D,1963-12-18 18:00:00,41.5
D,1963-12-19 18:00:00,43.7
D,1963-12-20 18:00:00,46.9
D,1963-12-21 18:00:00,48.9
D,1963-12-22 18:00:00,51.2
D,1963-12-23 18:00:00,52.9
D,1963-12-24 18:00:00,53.2
D,1963-12-25 18:00:00,52.3
D,1963-12-26 18:00:00,51.5
D,1963-12-27 18:00:00,51.5
D,1963-12-28 18:00:00,51.3
D,1963-12-29 18:00:00,50.7
D,1963-12-30 18:00:00,50.0
D,1963-12-31 18:00:00,49.0
D,1964-01-01 18:00:00,48.9
D,1964-01-02 18:00:00,50.0
D,1964-01-03 18:00:00,50.6
D,1964-01-04 18:00:00,47.9
D,1964-01-05 18:00:00,43.4
D,1964-01-06 18:00:00,41.0
D,1964-01-07 18:00:00,40.9
D,1964-01-08 18:00:00,41.3
D,1964-01-09 18:00:00,38.5
D,1964-01-10 18:00:00,36.1
D,1964-01-11 18:00:00,33.9
D,1964-01-12 18:00:00,34.1
D,1964-01-13 18:00:00,35.9
D,1964-01-14 18:00:00,39.0
D,1964-01-15 18:00:00,42.9
D,1964-01-16 18:00:00,45.2
D,1964-01-17 18:00:00,45.9
D,1964-01-18 18:00:00,44.8
D,1964-01-19 18:00:00,41.9
D,1964-01-20 18:00:00,39.3
D,1964-01-21 18:00:00,37.8
D,1964-01-22 18:00:00,39.5
D,1964-01-23 18:00:00,41.5
D,1964-01-24 18:00:00,42.0
D,1964-01-25 18:00:00,41.8
D,1964-01-26 18:00:00,42.2
D,1964-01-27 18:00:00,43.6
D,1964-01-28 18:00:00,44.4
D,1964-01-29 18:00:00,45.6
D,1964-01-30 18:00:00,47.1
D,1964-01-31 18:00:00,49.9
D,1964-02-01 18:00:00,50.5
D,1964-02-02 18:00:00,49.2
D,1964-02-03 18:00:00,46.3
D,1964-02-04 18:00:00,44.4
D,1964-02-05 18:00:00,44.3
D,1964-02-06 18:00:00,46.4
D,1964-02-07 18:00:00,48.4
D,1964-02-08 18:00:00,50.6
D,1964-02-09 18:00:00,50.2
D,1964-02-10 18:00:00,47.8
D,1964-02-11 18:00:00,44.4
D,1964-02-12 18:00:00,41.6
D,1964-02-13 18:00:00,42.3
D,1964-02-14 18:00:00,44.9
D,1964-02-15 18:00:00,49.1
D,1964-02-16 18:00:00,52.0
D,1964-02-17 18:00:00,52.9
D,1964-02-18 18:00:00,50.7
D,1964-02-19 18:00:00,46.4
D,1964-02-20 18:00:00,40.8
D,1964-02-21 18:00:00,36.3
D,1964-02-22 18:00:00,34.1
D,1964-02-23 18:00:00,35.2
D,1964-02-24 18:00:00,37.1
D,1964-02-25 18:00:00,38.4
D,1964-02-26 18:00:00,36.3
D,1964-02-27 18:00:00,33.3
D,1964-02-28 18:00:00,30.9
D,1964-02-29 18:00:00,29.5
D,1964-03-01 18:00:00,28.5
D,1964-03-02 18:00:00,26.3
D,1964-03-03 18:00:00,24.3
D,1964-03-04 18:00:00,22.0
D,1964-03-05 18:00:00,20.4
D,1964-03-06 18:00:00,19.6
D,1964-03-07 18:00:00,18.8
D,1964-03-08 18:00:00,16.2
D,1964-03-09 18:00:00,12.9
D,1964-03-10 18:00:00,10.8
D,1964-03-11 18:00:00,10.7
D,1964-03-12 18:00:00,11.3
D,1964-03-13 18:00:00,10.8
D,1964-03-14 18:00:00,8.9
D,1964-03-15 18:00:00,6.7
D,1964-03-16 18:00:00,4.0
D,1964-03-17 18:00:00,1.9
D,1964-03-18 18:00:00,-1.2
D,1964-03-19 18:00:00,-4.2
D,1964-03-20 18:00:00,-7.0
D,1964-03-21 18:00:00,-8.7
D,1964-03-22 18:00:00,-10.3
D,1964-03-23 18:00:00,-12.1
D,1964-03-24 18:00:00,-13.1
D,1964-03-25 18:00:00,-14.0
D,1964-03-26 18:00:00,-15.0
D,1964-03-27 18:00:00,-15.5
D,1964-03-28 18:00:00,-15.3
D,1964-03-29 18:00:00,-13.9
D,1964-03-30 18:00:00,-13.1
D,1964-03-31 18:00:00,-12.0
D,1964-04-01 18:00:00,-10.8
D,1964-04-02 18:00:00,-9.3
D,1964-04-03 18:00:00,-8.1
D,1964-04-04 18:00:00,-7.2
D,1964-04-05 18:00:00,-7.1
D,1964-04-06 18:00:00,-6.9
D,1964-04-07 18:00:00,-6.7
D,1964-04-08 18:00:00,-6.3
D,1964-04-09 18:00:00,-6.1
D,1964-04-10 18:00:00,-6.1
D,1964-04-11 18:00:00,-5.9
D,1964-04-12 18:00:00,-5.7
D,1964-04-13 18:00:00,-5.5
D,1964-04-14 18:00:00,-5.3
D,1964-04-15 18:00:00,-5.1
D,1964-04-16 18:00:00,-4.8
D,1964-04-17 18:00:00,-4.5
D,1964-04-18 18:00:00,-4.3
D,1964-04-19 18:00:00,-4.2
D,1964-04-20 18:00:00,-4.1
D,1964-04-21 18:00:00,-3.8
D,1964-04-22 18:00:00,-3.2
D,1964-04-23 18:00:00,-2.6
D,1964-04-24 18:00:00,-2.1
D,1964-04-25 18:00:00,-1.7
D,1964-04-26 18:00:00,-1.4
D,1964-04-27 18:00:00,-1.2
D,1964-04-28 18:00:00,-1.4
D,1964-04-29 18:00:00,-1.9
D,1964-04-30 18:00:00,-2.5
D,1964-05-01 18:00:00,-2.9
D,1964-05-02 18:00:00,-3.2
D,1964-05-03 18:00:00,-3.8
D,1964-05-04 18:00:00,-4.5
D,1964-05-05 18:00:00,-4.7
D,1964-05-06 18:00:00,-4.4
D,1964-05-07 18:00:00,-4.0
D,1964-05-08 18:00:00,-3.9
D,1964-05-09 18:00:00,-4.0
D,1964-05-10 18:00:00,-4.3
D,1964-05-11 18:00:00,-4.5
D,1964-05-12 18:00:00,-4.6
D,1964-05-13 18:00:00,-4.5
D,1964-05-14 18:00:00,-4.8
D,1964-05-15 18:00:00,-5.3
D,1964-05-16 18:00:00,-5.9
D,1964-05-17 18:00:00,-6.2
D,1964-05-18 18:00:00,-6.4
D,1964-05-19 18:00:00,-6.7
D,1964-05-20 18:00:00,-6.9
D,1964-05-21 18:00:00,-7.2
D,1964-05-22 18:00:00,-7.4
D,1964-05-23 18:00:00,-7.7
D,1964-05-24 18:00:00,-7.8
D,1964-05-25 18:00:00,-8.0
D,1964-05-26 18:00:00,-8.1
D,1964-05-27 18:00:00,-8.2
D,1964-05-28 18:00:00,-8.4
D,1964-05-29 18:00:00,-9.0
D,1964-05-30 18:00:00,-9.5
D,1964-05-31 18:00:00,-10.0
D,1964-06-01 18:00:00,-9.9
D,1964-06-02 18:00:00,-9.7
D,1964-06-03 18:00:00,-9.9
D,1964-06-04 18:00:00,-10.2
D,1964-06-05 18:00:00,-10.5
D,1964-06-06 18:00:00,-10.4
D,1964-06-07 18:00:00,-10.6
D,1964-06-08 18:00:00,-10.7
D,1964-06-09 18:00:00,-10.7
D,1964-06-10 18:00:00,-10.7
D,1964-06-11 18:00:00,-10.8
D,1964-06-12 18:00:00,-11.2
D,1964-06-13 18:00:00,-11.7
D,1964-06-14 18:00:00,-12.2
D,1964-06-15 18:00:00,-12.7
D,1964-06-16 18:00:00,-13.0
D,1964-06-17 18:00:00,-13.0
D,1964-06-18 18:00:00,-13.1
D,1964-06-19 18:00:00,-12.9
D,1964-06-20 18:00:00,-12.7
D,1964-06-21 18:00:00,-12.4
D,1964-06-22 18:00:00,-12.3
D,1964-06-23 18:00:00,-12.4
D,1964-06-24 18:00:00,-12.4
D,1964-06-25 18:00:00,-12.5
D,1964-06-26 18:00:00,-12.3
D,1964-06-27 18:00:00,-12.1
D,1964-06-28 18:00:00,-11.5
D,1964-06-29 18:00:00,-11.2
D,1964-06-30 18:00:00,-11.3
D,1964-07-01 18:00:00,-11.4
D,1964-07-02 18:00:00,-11.5
D,1964-07-03 18:00:00,-11.3
D,1964-07-04 18:00:00,-11.1
D,1964-07-05 18:00:00,-10.7
D,1964-07-06 18:00:00,-10.3
D,1964-07-07 18:00:00,-10.5
D,1964-07-08 18:00:00,-10.8
D,1964-07-09 18:00:00,-11.0
D,1964-07-10 18:00:00,-10.8
D,1964-07-11 18:00:00,-10.7
D,1964-07-12 18:00:00,-10.7
D,1964-07-13 18:00:00,-10.6
D,1964-07-14 18:00:00,-10.3
D,1964-07-15 18:00:00,-9.8
D,1964-07-16 18:00:00,-9.6
D,1964-07-17 18:00:00,-9.5
D,1964-07-18 18:00:00,-9.5
D,1964-07-19 18:00:00,-9.1
D,1964-07-20 18:00:00,-8.8
D,1964-07-21 18:00:00,-8.7
D,1964-07-22 18:00:00,-8.5
D,1964-07-23 18:00:00,-8.3
D,1964-07-24 18:00:00,-7.9
D,1964-07-25 18:00:00,-7.6
D,1964-07-26 18:00:00,-7.3
D,1964-07-27 18:00:00,-7.0
D,1964-07-28 18:00:00,-7.1
D,1964-07-29 18:00:00,-7.2
D,1964-07-30 18:00:00,-7.3
D,1964-07-31 18:00:00,-7.2
D,1964-08-01 18:00:00,-7.3
D,1964-08-02 18:00:00,-7.2
D,1964-08-03 18:00:00,-7.0
D,1964-08-04 18:00:00,-6.7
D,1964-08-05 18:00:00,-6.5
D,1964-08-06 18:00:00,-6.6
D,1964-08-07 18:00:00,-6.4
D,1964-08-08 18:00:00,-6.5
D,1964-08-09 18:00:00,-6.5
D,1964-08-10 18:00:00,-6.5
D,1964-08-11 18:00:00,-6.3
D,1964-08-12 18:00:00,-5.9
D,1964-08-13 18:00:00,-5.6
D,1964-08-14 18:00:00,-5.0
D,1964-08-15 18:00:00,-4.4
D,1964-08-16 18:00:00,-3.7
D,1964-08-17 18:00:00,-3.1
D,1964-08-18 18:00:00,-2.4
D,1964-08-19 18:00:00,-2.0
D,1964-08-20 18:00:00,-1.7
D,1964-08-21 18:00:00,-1.7
D,1964-08-22 18:00:00,-1.5
D,1964-08-23 18:00:00,-1.0
D,1964-08-24 18:00:00,-0.4
D,1964-08-25 18:00:00,0.2
D,1964-08-26 18:00:00,0.6
D,1964-08-27 18:00:00,1.3
D,1964-08-28 18:00:00,1.7
D,1964-08-29 18:00:00,2.1
D,1964-08-30 18:00:00,2.1
D,1964-08-31 18:00:00,2.4
D,1964-09-01 18:00:00,2.4
D,1964-09-02 18:00:00,2.7
D,1964-09-03 18:00:00,3.0
D,1964-09-04 18:00:00,3.3
D,1964-09-05 18:00:00,3.4
D,1964-09-06 18:00:00,3.3
D,1964-09-07 18:00:00,3.7
D,1964-09-08 18:00:00,4.0
D,1964-09-09 18:00:00,4.7
D,1964-09-10 18:00:00,4.8
D,1964-09-11 18:00:00,5.2
D,1964-09-12 18:00:00,5.5
D,1964-09-13 18:00:00,6.0
D,1964-09-14 18:00:00,6.4
D,1964-09-15 18:00:00,6.8
D,1964-09-16 18:00:00,7.3
D,1964-09-17 18:00:00,7.9
D,1964-09-18 18:00:00,8.7
D,1964-09-19 18:00:00,9.6
D,1964-09-20 18:00:00,10.4
D,1964-09-21 18:00:00,10.8
D,1964-09-22 18:00:00,11.3
D,1964-09-23 18:00:00,11.6
D,1964-09-24 18:00:00,12.1
D,1964-09-25 18:00:00,13.1
D,1964-09-26 18:00:00,14.3
D,1964-09-27 18:00:00,15.6
D,1964-09-28 18:00:00,16.4
D,1964-09-29 18:00:00,17.0
D,1964-09-30 18:00:00,17.3
D,1964-10-01 18:00:00,17.6
D,1964-10-02 18:00:00,17.4
D,1964-10-03 18:00:00,17.2
D,1964-10-04 18:00:00,17.0
D,1964-10-05 18:00:00,17.5
D,1964-10-06 18:00:00,18.0
D,1964-10-07 18:00:00,18.3
D,1964-10-08 18:00:00,18.1
D,1964-10-09 18:00:00,17.7
D,1964-10-10 18:00:00,17.4
D,1964-10-11 18:00:00,17.8
D,1964-10-12 18:00:00,18.3
D,1964-10-13 18:00:00,18.9
D,1964-10-14 18:00:00,18.5
D,1964-10-15 18:00:00,18.2
D,1964-10-16 18:00:00,17.8
D,1964-10-17 18:00:00,17.3
D,1964-10-18 18:00:00,16.6
D,1964-10-19 18:00:00,16.1
D,1964-10-20 18:00:00,15.8
D,1964-10-21 18:00:00,15.4
D,1964-10-22 18:00:00,14.6
D,1964-10-23 18:00:00,14.0
D,1964-10-24 18:00:00,14.3
D,1964-10-25 18:00:00,15.3
D,1964-10-26 18:00:00,16.5
D,1964-10-27 18:00:00,17.8
D,1964-10-28 18:00:00,18.6
D,1964-10-29 18:00:00,19.0
D,1964-10-30 18:00:00,18.8
D,1964-10-31 18:00:00,19.0
D,1964-11-01 18:00:00,19.5
D,1964-11-02 18:00:00,19.0
D,1964-11-03 18:00:00,17.5
D,1964-11-04 18:00:00,15.7
D,1964-11-05 18:00:00,15.4
D,1964-11-06 18:00:00,16.2
D,1964-11-07 18:00:00,17.4
D,1964-11-08 18:00:00,18.3
D,1964-11-09 18:00:00,18.8
D,1964-11-10 18:00:00,18.6
D,1964-11-11 18:00:00,18.7
D,1964-11-12 18:00:00,18.7
D,1964-11-13 18:00:00,19.4
D,1964-11-14 18:00:00,20.8
D,1964-11-15 18:00:00,23.3
D,1964-11-16 18:00:00,26.8
D,1964-11-17 18:00:00,29.5
D,1964-11-18 18:00:00,30.5
D,1964-11-19 18:00:00,28.3
D,1964-11-20 18:00:00,25.0
D,1964-11-21 18:00:00,21.2
D,1964-11-22 18:00:00,19.3
D,1964-11-23 18:00:00,19.4
D,1964-11-24 18:00:00,22.3
D,1964-11-25 18:00:00,27.1
D,1964-11-26 18:00:00,31.7
D,1964-11-27 18:00:00,35.1
D,1964-11-28 18:00:00,35.9
D,1964-11-29 18:00:00,36.0
D,1964-11-30 18:00:00,36.6
D,1964-12-01 18:00:00,37.9
D,1964-12-02 18:00:00,39.2
D,1964-12-03 18:00:00,39.8
D,1964-12-04 18:00:00,40.0
D,1964-12-05 18:00:00,39.9
D,1964-12-06 18:00:00,39.7
D,1964-12-07 18:00:00,38.8
D,1964-12-08 18:00:00,37.6
D,1964-12-09 18:00:00,35.5
D,1964-12-10 18:00:00,33.6
D,1964-12-11 18:00:00,32.4
D,1964-12-12 18:00:00,32.3
D,1964-12-13 18:00:00,32.9
D,1964-12-14 18:00:00,33.9
D,1964-12-15 18:00:00,34.5
D,1964-12-16 18:00:00,34.2
D,1964-12-17 18:00:00,32.9
D,1964-12-18 18:00:00,31.1
D,1964-12-19 18:00:00,30.3
D,1964-12-20 18:00:00,29.5
D,1964-12-21 18:00:00,28.7
D,1964-12-22 18:00:00,27.7
D,1964-12-23 18:00:00,29.1
D,1964-12-24 18:00:00,34.1
D,1964-12-25 18:00:00,40.1
D,1964-12-26 18:00:00,42.5
D,1964-12-27 18:00:00,42.8
D,1964-12-28 18:00:00,43.9
D,1964-12-29 18:00:00,47.1
D,1964-12-30 18:00:00,49.7
D,1964-12-31 18:00:00,50.3
D,1965-01-01 18:00:00,49.7
D,1965-01-02 18:00:00,49.3
D,1965-01-03 18:00:00,48.3
D,1965-01-04 18:00:00,45.6
D,1965-01-05 18:00:00,39.6
D,1965-01-06 18:00:00,34.2
D,1965-01-07 18:00:00,30.8
D,1965-01-08 18:00:00,30.1
D,1965-01-09 18:00:00,30.5
D,1965-01-10 18:00:00,31.0
D,1965-01-11 18:00:00,32.3
D,1965-01-12 18:00:00,35.1
D,1965-01-13 18:00:00,38.2
D,1965-01-14 18:00:00,41.6
D,1965-01-15 18:00:00,43.6
D,1965-01-16 18:00:00,45.3
D,1965-01-17 18:00:00,45.8
D,1965-01-18 18:00:00,46.1
D,1965-01-19 18:00:00,47.3
D,1965-01-20 18:00:00,49.9
D,1965-01-21 18:00:00,53.7
D,1965-01-22 18:00:00,56.4
D,1965-01-23 18:00:00,56.2
D,1965-01-24 18:00:00,50.9
D,1965-01-25 18:00:00,45.9
D,1965-01-26 18:00:00,41.6
D,1965-01-27 18:00:00,40.0
D,1965-01-28 18:00:00,37.4
D,1965-01-29 18:00:00,35.4
D,1965-01-30 18:00:00,33.5
D,1965-01-31 18:00:00,31.3
D,1965-02-01 18:00:00,29.3
D,1965-02-02 18:00:00,29.0
D,1965-02-03 18:00:00,30.2
D,1965-02-04 18:00:00,30.9
D,1965-02-05 18:00:00,30.4
D,1965-02-06 18:00:00,29.6
D,1965-02-07 18:00:00,30.5
D,1965-02-08 18:00:00,32.5
D,1965-02-09 18:00:00,35.2
D,1965-02-10 18:00:00,36.1
D,1965-02-11 18:00:00,36.7
D,1965-02-12 18:00:00,36.0
D,1965-02-13 18:00:00,36.6
D,1965-02-14 18:00:00,37.6
D,1965-02-15 18:00:00,40.7
D,1965-02-16 18:00:00,42.0
D,1965-02-17 18:00:00,39.8
D,1965-02-18 18:00:00,34.3
D,1965-02-19 18:00:00,28.9
D,1965-02-20 18:00:00,25.5
D,1965-02-21 18:00:00,25.4
D,1965-02-22 18:00:00,27.6
D,1965-02-23 18:00:00,28.2
D,1965-02-24 18:00:00,27.4
D,1965-02-25 18:00:00,27.1
D,1965-02-26 18:00:00,28.7
D,1965-02-27 18:00:00,30.0
D,1965-02-28 18:00:00,29.8
D,1965-03-01 18:00:00,29.3
D,1965-03-02 18:00:00,28.5
D,1965-03-03 18:00:00,28.4
D,1965-03-04 18:00:00,28.3
D,1965-03-05 18:00:00,28.6
D,1965-03-06 18:00:00,29.3
D,1965-03-07 18:00:00,31.2
D,1965-03-08 18:00:00,33.7
D,1965-03-09 18:00:00,34.5
D,1965-03-10 18:00:00,33.4
D,1965-03-11 18:00:00,31.4
D,1965-03-12 18:00:00,29.3
D,1965-03-13 18:00:00,27.6
D,1965-03-14 18:00:00,25.7
D,1965-03-15 18:00:00,23.2
D,1965-03-16 18:00:00,20.2
D,1965-03-17 18:00:00,16.3
D,1965-03-18 18:00:00,12.0
D,1965-03-19 18:00:00,8.5
D,1965-03-20 18:00:00,6.0
D,1965-03-21 18:00:00,5.0
D,1965-03-22 18:00:00,3.3
D,1965-03-23 18:00:00,2.6
D,1965-03-24 18:00:00,2.7
D,1965-03-25 18:00:00,3.4
D,1965-03-26 18:00:00,4.9
D,1965-03-27 18:00:00,6.8
D,1965-03-28 18:00:00,7.4
D,1965-03-29 18:00:00,6.6
D,1965-03-30 18:00:00,4.3
D,1965-03-31 18:00:00,1.9
D,1965-04-01 18:00:00,0.0
D,1965-04-02 18:00:00,-0.3
D,1965-04-03 18:00:00,1.4
D,1965-04-04 18:00:00,2.2
D,1965-04-05 18:00:00,2.9
D,1965-04-06 18:00:00,3.6
D,1965-04-07 18:00:00,4.6
D,1965-04-08 18:00:00,4.8
D,1965-04-09 18:00:00,5.1
D,1965-04-10 18:00:00,6.1
D,1965-04-11 18:00:00,7.3
D,1965-04-12 18:00:00,7.8
D,1965-04-13 18:00:00,7.3
D,1965-04-14 18:00:00,6.5
D,1965-04-15 18:00:00,5.9
D,1965-04-16 18:00:00,5.1
D,1965-04-17 18:00:00,3.4
D,1965-04-18 18:00:00,0.9
D,1965-04-19 18:00:00,-1.3
D,1965-04-20 18:00:00,-2.7
D,1965-04-21 18:00:00,-3.8
D,1965-04-22 18:00:00,-5.2
D,1965-04-23 18:00:00,-6.3
D,1965-04-24 18:00:00,-7.2
D,1965-04-25 18:00:00,-7.7
D,1965-04-26 18:00:00,-8.0
D,1965-04-27 18:00:00,-8.2
D,1965-04-28 18:00:00,-8.3
D,1965-04-29 18:00:00,-7.7
D,1965-04-30 18:00:00,-7.0
D,1965-05-01 18:00:00,-6.5
D,1965-05-02 18:00:00,-6.3
D,1965-05-03 18:00:00,-6.0
D,1965-05-04 18:00:00,-6.0
D,1965-05-05 18:00:00,-6.5
D,1965-05-06 18:00:00,-7.0
D,1965-05-07 18:00:00,-6.9
D,1965-05-08 18:00:00,-6.7
D,1965-05-09 18:00:00,-6.6
D,1965-05-10 18:00:00,-6.5
D,1965-05-11 18:00:00,-6.1
D,1965-05-12 18:00:00,-5.6
D,1965-05-13 18:00:00,-5.6
D,1965-05-14 18:00:00,-5.5
D,1965-05-15 18:00:00,-5.2
D,1965-05-16 18:00:00,-4.8
D,1965-05-17 18:00:00,-4.9
D,1965-05-18 18:00:00,-5.1
D,1965-05-19 18:00:00,-5.6
D,1965-05-20 18:00:00,-6.2
D,1965-05-21 18:00:00,-7.0
D,1965-05-22 18:00:00,-7.7
D,1965-05-23 18:00:00,-8.2
D,1965-05-24 18:00:00,-8.7
D,1965-05-25 18:00:00,-9.4
D,1965-05-26 18:00:00,-10.0
D,1965-05-27 18:00:00,-10.5
D,1965-05-28 18:00:00,-10.6
D,1965-05-29 18:00:00,-10.3
D,1965-05-30 18:00:00,-9.8
D,1965-05-31 18:00:00,-9.4
D,1965-06-01 18:00:00,-9.4
D,1965-06-02 18:00:00,-9.5
D,1965-06-03 18:00:00,-9.7
D,1965-06-04 18:00:00,-9.8
D,1965-06-05 18:00:00,-10.2
D,1965-06-06 18:00:00,-10.7
D,1965-06-07 18:00:00,-11.3
D,1965-06-08 18:00:00,-11.6
D,1965-06-09 18:00:00,-11.9
D,1965-06-10 18:00:00,-12.1
D,1965-06-11 18:00:00,-12.4
D,1965-06-12 18:00:00,-12.3
D,1965-06-13 18:00:00,-12.1
D,1965-06-14 18:00:00,-12.1
D,1965-06-15 18:00:00,-12.2
D,1965-06-16 18:00:00,-11.9
D,1965-06-17 18:00:00,-11.3
D,1965-06-18 18:00:00,-10.8
D,1965-06-19 18:00:00,-10.8
D,1965-06-20 18:00:00,-10.6
D,1965-06-21 18:00:00,-10.8
D,1965-06-22 18:00:00,-10.9
D,1965-06-23 18:00:00,-11.1
D,1965-06-24 18:00:00,-11.0
D,1965-06-25 18:00:00,-11.1
D,1965-06-26 18:00:00,-11.2
D,1965-06-27 18:00:00,-11.4
D,1965-06-28 18:00:00,-11.5
D,1965-06-29 18:00:00,-11.6
D,1965-06-30 18:00:00,-11.7
D,1965-07-01 18:00:00,-11.8
D,1965-07-02 18:00:00,-12.2
D,1965-07-03 18:00:00,-12.5
D,1965-07-04 18:00:00,-12.8
D,1965-07-05 18:00:00,-12.6
D,1965-07-06 18:00:00,-12.2
D,1965-07-07 18:00:00,-12.1
D,1965-07-08 18:00:00,-12.4
D,1965-07-09 18:00:00,-12.8
D,1965-07-10 18:00:00,-12.7
D,1965-07-11 18:00:00,-12.5
D,1965-07-12 18:00:00,-12.0
D,1965-07-13 18:00:00,-11.9
D,1965-07-14 18:00:00,-11.7
D,1965-07-15 18:00:00,-11.5
D,1965-07-16 18:00:00,-11.0
D,1965-07-17 18:00:00,-10.5
D,1965-07-18 18:00:00,-10.1
D,1965-07-19 18:00:00,-10.0
D,1965-07-20 18:00:00,-10.1
D,1965-07-21 18:00:00,-10.3
D,1965-07-22 18:00:00,-10.5
D,1965-07-23 18:00:00,-10.3
D,1965-07-24 18:00:00,-10.2
D,1965-07-25 18:00:00,-9.7
D,1965-07-26 18:00:00,-9.4
D,1965-07-27 18:00:00,-8.9
D,1965-07-28 18:00:00,-8.5
D,1965-07-29 18:00:00,-8.1
D,1965-07-30 18:00:00,-7.7
D,1965-07-31 18:00:00,-7.4
D,1965-08-01 18:00:00,-7.3
D,1965-08-02 18:00:00,-7.4
D,1965-08-03 18:00:00,-7.6
D,1965-08-04 18:00:00,-7.8
D,1965-08-05 18:00:00,-7.7
D,1965-08-06 18:00:00,-7.4
D,1965-08-07 18:00:00,-7.1
D,1965-08-08 18:00:00,-6.8
D,1965-08-09 18:00:00,-6.5
D,1965-08-10 18:00:00,-5.8
D,1965-08-11 18:00:00,-5.3
D,1965-08-12 18:00:00,-4.9
D,1965-08-13 18:00:00,-4.8
D,1965-08-14 18:00:00,-4.5
D,1965-08-15 18:00:00,-4.2
D,1965-08-16 18:00:00,-3.7
D,1965-08-17 18:00:00,-3.2
D,1965-08-18 18:00:00,-2.3
D,1965-08-19 18:00:00,-1.6
D,1965-08-20 18:00:00,-0.9
D,1965-08-21 18:00:00,-0.3
D,1965-08-22 18:00:00,0.2
D,1965-08-23 18:00:00,0.4
D,1965-08-24 18:00:00,0.7
D,1965-08-25 18:00:00,1.1
D,1965-08-26 18:00:00,1.4
D,1965-08-27 18:00:00,1.8
D,1965-08-28 18:00:00,2.0
D,1965-08-29 18:00:00,2.5
D,1965-08-30 18:00:00,2.9
D,1965-08-31 18:00:00,3.3
D,1965-09-01 18:00:00,3.3
D,1965-09-02 18:00:00,3.3
D,1965-09-03 18:00:00,3.3
D,1965-09-04 18:00:00,3.3
D,1965-09-05 18:00:00,3.0
D,1965-09-06 18:00:00,2.8
D,1965-09-07 18:00:00,2.9
D,1965-09-08 18:00:00,3.6
D,1965-09-09 18:00:00,4.2
D,1965-09-10 18:00:00,5.2
D,1965-09-11 18:00:00,5.9
D,1965-09-12 18:00:00,6.9
D,1965-09-13 18:00:00,7.7
D,1965-09-14 18:00:00,8.6
D,1965-09-15 18:00:00,9.3
D,1965-09-16 18:00:00,9.6
D,1965-09-17 18:00:00,9.8
D,1965-09-18 18:00:00,9.9
D,1965-09-19 18:00:00,10.2
D,1965-09-20 18:00:00,10.2
D,1965-09-21 18:00:00,10.1
D,1965-09-22 18:00:00,10.1
D,1965-09-23 18:00:00,10.7
D,1965-09-24 18:00:00,11.7
D,1965-09-25 18:00:00,12.6
D,1965-09-26 18:00:00,13.5
D,1965-09-27 18:00:00,14.5
D,1965-09-28 18:00:00,15.4
D,1965-09-29 18:00:00,16.1
D,1965-09-30 18:00:00,15.9
D,1965-10-01 18:00:00,15.6
D,1965-10-02 18:00:00,15.5
D,1965-10-03 18:00:00,15.9
D,1965-10-04 18:00:00,16.7
D,1965-10-05 18:00:00,17.2
D,1965-10-06 18:00:00,18.5
D,1965-10-07 18:00:00,19.7
D,1965-10-08 18:00:00,21.0
D,1965-10-09 18:00:00,21.4
D,1965-10-10 18:00:00,21.5
D,1965-10-11 18:00:00,21.5
D,1965-10-12 18:00:00,21.6
D,1965-10-13 18:00:00,22.3
D,1965-10-14 18:00:00,22.9
D,1965-10-15 18:00:00,23.3
D,1965-10-16 18:00:00,23.8
D,1965-10-17 18:00:00,24.7
D,1965-10-18 18:00:00,26.1
D,1965-10-19 18:00:00,27.0
D,1965-10-20 18:00:00,27.4
D,1965-10-21 18:00:00,27.0
D,1965-10-22 18:00:00,26.0
D,1965-10-23 18:00:00,24.4
D,1965-10-24 18:00:00,23.4
D,1965-10-25 18:00:00,23.8
D,1965-10-26 18:00:00,25.1
D,1965-10-27 18:00:00,26.8
D,1965-10-28 18:00:00,28.2
D,1965-10-29 18:00:00,29.6
D,1965-10-30 18:00:00,30.4
D,1965-10-31 18:00:00,30.6
D,1965-11-01 18:00:00,30.9
D,1965-11-02 18:00:00,31.2
D,1965-11-03 18:00:00,32.0
D,1965-11-04 18:00:00,32.0
D,1965-11-05 18:00:00,30.3
D,1965-11-06 18:00:00,27.1
D,1965-11-07 18:00:00,23.9
D,1965-11-08 18:00:00,22.1
D,1965-11-09 18:00:00,22.2
D,1965-11-10 18:00:00,23.7
D,1965-11-11 18:00:00,26.4
D,1965-11-12 18:00:00,27.6
D,1965-11-13 18:00:00,27.5
D,1965-11-14 18:00:00,26.4
D,1965-11-15 18:00:00,24.9
D,1965-11-16 18:00:00,22.7
D,1965-11-17 18:00:00,20.7
D,1965-11-18 18:00:00,20.0
D,1965-11-19 18:00:00,20.1
D,1965-11-20 18:00:00,20.1
D,1965-11-21 18:00:00,20.3
D,1965-11-22 18:00:00,20.6
D,1965-11-23 18:00:00,20.7
D,1965-11-24 18:00:00,20.0
D,1965-11-25 18:00:00,19.3
D,1965-11-26 18:00:00,18.6
D,1965-11-27 18:00:00,18.0
D,1965-11-28 18:00:00,16.7
D,1965-11-29 18:00:00,15.8
D,1965-11-30 18:00:00,15.4
D,1965-12-01 18:00:00,15.5
D,1965-12-02 18:00:00,14.4
D,1965-12-03 18:00:00,12.6
D,1965-12-04 18:00:00,12.4
D,1965-12-05 18:00:00,12.6
D,1965-12-06 18:00:00,13.0
D,1965-12-07 18:00:00,11.2
D,1965-12-08 18:00:00,8.9
D,1965-12-09 18:00:00,6.4
D,1965-12-10 18:00:00,4.2
D,1965-12-11 18:00:00,3.9
D,1965-12-12 18:00:00,4.6
D,1965-12-13 18:00:00,5.8
D,1965-12-14 18:00:00,5.6
D,1965-12-15 18:00:00,2.7
D,1965-12-16 18:00:00,-0.3
D,1965-12-17 18:00:00,-3.7
D,1965-12-18 18:00:00,-5.1
D,1965-12-19 18:00:00,-5.1
D,1965-12-20 18:00:00,-3.7
D,1965-12-21 18:00:00,-2.2
D,1965-12-22 18:00:00,-0.1
D,1965-12-23 18:00:00,5.2
D,1965-12-24 18:00:00,12.5
D,1965-12-25 18:00:00,19.4
D,1965-12-26 18:00:00,22.7
D,1965-12-27 18:00:00,24.7
D,1965-12-28 18:00:00,25.8
D,1965-12-29 18:00:00,27.0
D,1965-12-30 18:00:00,28.0
D,1965-12-31 18:00:00,29.1
D,1966-01-01 18:00:00,30.0
D,1966-01-02 18:00:00,31.0
D,1966-01-03 18:00:00,31.9
D,1966-01-04 18:00:00,32.6
D,1966-01-05 18:00:00,32.8
D,1966-01-06 18:00:00,31.9
D,1966-01-07 18:00:00,31.1
D,1966-01-08 18:00:00,29.7
D,1966-01-09 18:00:00,28.6
D,1966-01-10 18:00:00,27.2
D,1966-01-11 18:00:00,27.3
D,1966-01-12 18:00:00,28.6
D,1966-01-13 18:00:00,31.6
D,1966-01-14 18:00:00,34.3
D,1966-01-15 18:00:00,34.7
D,1966-01-16 18:00:00,33.5
D,1966-01-17 18:00:00,33.1
D,1966-01-18 18:00:00,34.6
D,1966-01-19 18:00:00,37.1
D,1966-01-20 18:00:00,39.8
D,1966-01-21 18:00:00,41.7
D,1966-01-22 18:00:00,42.8
D,1966-01-23 18:00:00,42.2
D,1966-01-24 18:00:00,42.0
D,1966-01-25 18:00:00,40.3
D,1966-01-26 18:00:00,38.2
D,1966-01-27 18:00:00,35.5
D,1966-01-28 18:00:00,33.4
D,1966-01-29 18:00:00,31.6
D,1966-01-30 18:00:00,29.5
D,1966-01-31 18:00:00,27.4
D,1966-02-01 18:00:00,25.5
D,1966-02-02 18:00:00,23.5
D,1966-02-03 18:00:00,22.2
D,1966-02-04 18:00:00,22.1
D,1966-02-05 18:00:00,23.0
D,1966-02-06 18:00:00,24.6
D,1966-02-07 18:00:00,25.6
D,1966-02-08 18:00:00,24.9
D,1966-02-09 18:00:00,22.8
D,1966-02-10 18:00:00,20.5
D,1966-02-11 18:00:00,20.3
D,1966-02-12 18:00:00,22.0
D,1966-02-13 18:00:00,25.1
D,1966-02-14 18:00:00,27.5
D,1966-02-15 18:00:00,28.0
D,1966-02-16 18:00:00,25.1
D,1966-02-17 18:00:00,21.0
D,1966-02-18 18:00:00,15.6
D,1966-02-19 18:00:00,11.0
D,1966-02-20 18:00:00,6.4
D,1966-02-21 18:00:00,2.6
D,1966-02-22 18:00:00,-0.5
D,1966-02-23 18:00:00,-2.7
D,1966-02-24 18:00:00,-4.1
D,1966-02-25 18:00:00,-5.7
D,1966-02-26 18:00:00,-6.6
D,1966-02-27 18:00:00,-6.6
D,1966-02-28 18:00:00,-5.3
D,1966-03-01 18:00:00,-3.6
D,1966-03-02 18:00:00,-1.2
D,1966-03-03 18:00:00,1.8
D,1966-03-04 18:00:00,4.6
D,1966-03-05 18:00:00,7.1
D,1966-03-06 18:00:00,8.9
D,1966-03-07 18:00:00,10.1
D,1966-03-08 18:00:00,10.7
D,1966-03-09 18:00:00,10.7
D,1966-03-10 18:00:00,10.5
D,1966-03-11 18:00:00,10.2
D,1966-03-12 18:00:00,10.0
D,1966-03-13 18:00:00,10.2
D,1966-03-14 18:00:00,10.6
D,1966-03-15 18:00:00,11.1
D,1966-03-16 18:00:00,11.7
D,1966-03-17 18:00:00,11.9
D,1966-03-18 18:00:00,12.2
D,1966-03-19 18:00:00,12.5
D,1966-03-20 18:00:00,13.3
D,1966-03-21 18:00:00,13.3
D,1966-03-22 18:00:00,13.0
D,1966-03-23 18:00:00,12.5
D,1966-03-24 18:00:00,12.9
D,1966-03-25 18:00:00,13.3
D,1966-03-26 18:00:00,13.6
D,1966-03-27 18:00:00,13.7
D,1966-03-28 18:00:00,13.9
D,1966-03-29 18:00:00,14.0
D,1966-03-30 18:00:00,13.9
D,1966-03-31 18:00:00,13.8
D,1966-04-01 18:00:00,13.5
D,1966-04-02 18:00:00,12.9
D,1966-04-03 18:00:00,12.0
D,1966-04-04 18:00:00,10.9
D,1966-04-05 18:00:00,9.7
D,1966-04-06 18:00:00,7.6
D,1966-04-07 18:00:00,4.6
D,1966-04-08 18:00:00,1.6
D,1966-04-09 18:00:00,-0.3
D,1966-04-10 18:00:00,-1.6
D,1966-04-11 18:00:00,-2.6
D,1966-04-12 18:00:00,-3.8
D,1966-04-13 18:00:00,-5.1
D,1966-04-14 18:00:00,-6.5
D,1966-04-15 18:00:00,-7.6
D,1966-04-16 18:00:00,-8.4
D,1966-04-17 18:00:00,-9.0
D,1966-04-18 18:00:00,-9.5
D,1966-04-19 18:00:00,-9.2
D,1966-04-20 18:00:00,-8.4
D,1966-04-21 18:00:00,-7.6
D,1966-04-22 18:00:00,-7.1
D,1966-04-23 18:00:00,-6.5
D,1966-04-24 18:00:00,-5.6
D,1966-04-25 18:00:00,-5.1
D,1966-04-26 18:00:00,-5.1
D,1966-04-27 18:00:00,-5.1
D,1966-04-28 18:00:00,-5.0
D,1966-04-29 18:00:00,-5.0
D,1966-04-30 18:00:00,-5.3
D,1966-05-01 18:00:00,-5.8
D,1966-05-02 18:00:00,-6.0
D,1966-05-03 18:00:00,-5.8
D,1966-05-04 18:00:00,-5.5
D,1966-05-05 18:00:00,-5.6
D,1966-05-06 18:00:00,-6.0
D,1966-05-07 18:00:00,-6.1
D,1966-05-08 18:00:00,-6.0
D,1966-05-09 18:00:00,-5.9
D,1966-05-10 18:00:00,-6.1
D,1966-05-11 18:00:00,-6.2
D,1966-05-12 18:00:00,-6.2
D,1966-05-13 18:00:00,-6.0
D,1966-05-14 18:00:00,-6.0
D,1966-05-15 18:00:00,-6.2
D,1966-05-16 18:00:00,-6.7
D,1966-05-17 18:00:00,-7.3
D,1966-05-18 18:00:00,-7.7
D,1966-05-19 18:00:00,-7.9
D,1966-05-20 18:00:00,-7.9
D,1966-05-21 18:00:00,-8.2
D,1966-05-22 18:00:00,-8.3
D,1966-05-23 18:00:00,-8.3
D,1966-05-24 18:00:00,-8.5
D,1966-05-25 18:00:00,-8.9
D,1966-05-26 18:00:00,-9.5
D,1966-05-27 18:00:00,-9.9
D,1966-05-28 18:00:00,-10.1
D,1966-05-29 18:00:00,-10.0
D,1966-05-30 18:00:00,-9.6
D,1966-05-31 18:00:00,-9.4
D,1966-06-01 18:00:00,-9.4
D,1966-06-02 18:00:00,-9.8
D,1966-06-03 18:00:00,-9.8
D,1966-06-04 18:00:00,-9.9
D,1966-06-05 18:00:00,-10.1
D,1966-06-06 18:00:00,-10.7
D,1966-06-07 18:00:00,-11.1
D,1966-06-08 18:00:00,-11.3
D,1966-06-09 18:00:00,-11.4
D,1966-06-10 18:00:00,-11.6
D,1966-06-11 18:00:00,-12.1
D,1966-06-12 18:00:00,-12.3
D,1966-06-13 18:00:00,-12.6
D,1966-06-14 18:00:00,-12.9
D,1966-06-15 18:00:00,-13.1
D,1966-06-16 18:00:00,-13.3
D,1966-06-17 18:00:00,-13.1
D,1966-06-18 18:00:00,-13.0
D,1966-06-19 18:00:00,-12.7
D,1966-06-20 18:00:00,-12.7
D,1966-06-21 18:00:00,-12.6
D,1966-06-22 18:00:00,-12.9
D,1966-06-23 18:00:00,-13.1
D,1966-06-24 18:00:00,-13.2
D,1966-06-25 18:00:00,-12.9
D,1966-06-26 18:00:00,-12.3
D,1966-06-27 18:00:00,-11.8
D,1966-06-28 18:00:00,-11.6
D,1966-06-29 18:00:00,-11.6
D,1966-06-30 18:00:00,-11.9
D,1966-07-01 18:00:00,-12.0
D,1966-07-02 18:00:00,-12.1
D,1966-07-03 18:00:00,-11.7
D,1966-07-04 18:00:00,-11.6
D,1966-07-05 18:00:00,-11.3
D,1966-07-06 18:00:00,-11.2
D,1966-07-07 18:00:00,-11.2
D,1966-07-08 18:00:00,-11.2
D,1966-07-09 18:00:00,-11.3
D,1966-07-10 18:00:00,-11.4
D,1966-07-11 18:00:00,-11.7
D,1966-07-12 18:00:00,-11.8
D,1966-07-13 18:00:00,-11.6
D,1966-07-14 18:00:00,-11.4
D,1966-07-15 18:00:00,-11.1
D,1966-07-16 18:00:00,-10.8
D,1966-07-17 18:00:00,-10.6
D,1966-07-18 18:00:00,-10.9
D,1966-07-19 18:00:00,-10.9
D,1966-07-20 18:00:00,-10.6
D,1966-07-21 18:00:00,-10.5
D,1966-07-22 18:00:00,-10.4
D,1966-07-23 18:00:00,-10.5
D,1966-07-24 18:00:00,-10.4
D,1966-07-25 18:00:00,-10.5
D,1966-07-26 18:00:00,-10.5
D,1966-07-27 18:00:00,-10.5
D,1966-07-28 18:00:00,-10.3
D,1966-07-29 18:00:00,-9.7
D,1966-07-30 18:00:00,-9.1
D,1966-07-31 18:00:00,-8.4
D,1966-08-01 18:00:00,-7.9
D,1966-08-02 18:00:00,-7.6
D,1966-08-03 18:00:00,-7.1
D,1966-08-04 18:00:00,-6.7
D,1966-08-05 18:00:00,-6.4
D,1966-08-06 18:00:00,-6.5
D,1966-08-07 18:00:00,-6.2
D,1966-08-08 18:00:00,-5.7
D,1966-08-09 18:00:00,-5.2
D,1966-08-10 18:00:00,-4.9
D,1966-08-11 18:00:00,-4.4
D,1966-08-12 18:00:00,-3.6
D,1966-08-13 18:00:00,-3.1
D,1966-08-14 18:00:00,-2.9
D,1966-08-15 18:00:00,-2.7
D,1966-08-16 18:00:00,-2.5
D,1966-08-17 18:00:00,-2.0
D,1966-08-18 18:00:00,-1.7
D,1966-08-19 18:00:00,-1.0
D,1966-08-20 18:00:00,-0.4
D,1966-08-21 18:00:00,0.2
D,1966-08-22 18:00:00,0.7
D,1966-08-23 18:00:00,1.5
D,1966-08-24 18:00:00,2.2
D,1966-08-25 18:00:00,2.5
D,1966-08-26 18:00:00,2.4
D,1966-08-27 18:00:00,2.2
D,1966-08-28 18:00:00,2.5
D,1966-08-29 18:00:00,3.1
D,1966-08-30 18:00:00,4.1
D,1966-08-31 18:00:00,4.5
D,1966-09-01 18:00:00,4.7
D,1966-09-02 18:00:00,5.0
D,1966-09-03 18:00:00,5.8
D,1966-09-04 18:00:00,6.3
D,1966-09-05 18:00:00,6.6
D,1966-09-06 18:00:00,6.9
D,1966-09-07 18:00:00,7.0
D,1966-09-08 18:00:00,7.2
D,1966-09-09 18:00:00,7.5
D,1966-09-10 18:00:00,8.2
D,1966-09-11 18:00:00,8.7
D,1966-09-12 18:00:00,9.0
D,1966-09-13 18:00:00,9.3
D,1966-09-14 18:00:00,9.9
D,1966-09-15 18:00:00,10.5
D,1966-09-16 18:00:00,11.2
D,1966-09-17 18:00:00,11.6
D,1966-09-18 18:00:00,12.1
D,1966-09-19 18:00:00,12.0
D,1966-09-20 18:00:00,11.9
D,1966-09-21 18:00:00,12.0
D,1966-09-22 18:00:00,12.3
D,1966-09-23 18:00:00,12.6
D,1966-09-24 18:00:00,12.7
D,1966-09-25 18:00:00,12.8
D,1966-09-26 18:00:00,12.9
D,1966-09-27 18:00:00,13.3
D,1966-09-28 18:00:00,14.1
D,1966-09-29 18:00:00,15.5
D,1966-09-30 18:00:00,16.8
D,1966-10-01 18:00:00,18.0
D,1966-10-02 18:00:00,19.0
D,1966-10-03 18:00:00,19.8
D,1966-10-04 18:00:00,20.3
D,1966-10-05 18:00:00,20.7
D,1966-10-06 18:00:00,21.3
D,1966-10-07 18:00:00,21.4
D,1966-10-08 18:00:00,20.7
D,1966-10-09 18:00:00,19.1
D,1966-10-10 18:00:00,17.4
D,1966-10-11 18:00:00,16.1
D,1966-10-12 18:00:00,15.8
D,1966-10-13 18:00:00,16.1
D,1966-10-14 18:00:00,16.6
D,1966-10-15 18:00:00,17.3
D,1966-10-16 18:00:00,18.3
D,1966-10-17 18:00:00,20.0
D,1966-10-18 18:00:00,21.9
D,1966-10-19 18:00:00,24.1
D,1966-10-20 18:00:00,26.1
D,1966-10-21 18:00:00,27.5
D,1966-10-22 18:00:00,27.7
D,1966-10-23 18:00:00,27.5
D,1966-10-24 18:00:00,27.8
D,1966-10-25 18:00:00,29.6
D,1966-10-26 18:00:00,31.0
D,1966-10-27 18:00:00,31.6
D,1966-10-28 18:00:00,31.4
D,1966-10-29 18:00:00,31.5
D,1966-10-30 18:00:00,31.0
D,1966-10-31 18:00:00,30.1
D,1966-11-01 18:00:00,29.0
D,1966-11-02 18:00:00,28.6
D,1966-11-03 18:00:00,28.5
D,1966-11-04 18:00:00,28.1
D,1966-11-05 18:00:00,27.6
D,1966-11-06 18:00:00,26.7
D,1966-11-07 18:00:00,25.3
D,1966-11-08 18:00:00,23.4
D,1966-11-09 18:00:00,21.4
D,1966-11-10 18:00:00,19.8
D,1966-11-11 18:00:00,18.2
D,1966-11-12 18:00:00,16.9
D,1966-11-13 18:00:00,16.3
D,1966-11-14 18:00:00,15.6
D,1966-11-15 18:00:00,14.6
D,1966-11-16 18:00:00,13.6
D,1966-11-17 18:00:00,12.8
D,1966-11-18 18:00:00,11.8
D,1966-11-19 18:00:00,11.2
D,1966-11-20 18:00:00,11.6
D,1966-11-21 18:00:00,13.5
D,1966-11-22 18:00:00,15.3
D,1966-11-23 18:00:00,16.6
D,1966-11-24 18:00:00,16.9
D,1966-11-25 18:00:00,17.4
D,1966-11-26 18:00:00,18.1
D,1966-11-27 18:00:00,19.0
D,1966-11-28 18:00:00,19.4
D,1966-11-29 18:00:00,19.9
D,1966-11-30 18:00:00,19.8
D,1966-12-01 18:00:00,19.6
D,1966-12-02 18:00:00,19.5
D,1966-12-03 18:00:00,20.8
D,1966-12-04 18:00:00,23.5
D,1966-12-05 18:00:00,27.0
D,1966-12-06 18:00:00,29.3
D,1966-12-07 18:00:00,30.5
D,1966-12-08 18:00:00,31.6
D,1966-12-09 18:00:00,33.6
D,1966-12-10 18:00:00,35.2
D,1966-12-11 18:00:00,36.2
D,1966-12-12 18:00:00,36.6
D,1966-12-13 18:00:00,36.7
D,1966-12-14 18:00:00,36.7
D,1966-12-15 18:00:00,35.9
D,1966-12-16 18:00:00,34.8
D,1966-12-17 18:00:00,33.3
D,1966-12-18 18:00:00,31.8
D,1966-12-19 18:00:00,30.0
D,1966-12-20 18:00:00,28.5
D,1966-12-21 18:00:00,27.2
D,1966-12-22 18:00:00,26.1
D,1966-12-23 18:00:00,25.2
D,1966-12-24 18:00:00,25.1
D,1966-12-25 18:00:00,26.2
D,1966-12-26 18:00:00,28.3
D,1966-12-27 18:00:00,31.5
D,1966-12-28 18:00:00,35.4
D,1966-12-29 18:00:00,40.2
D,1966-12-30 18:00:00,44.6
D,1966-12-31 18:00:00,47.9
D,1967-01-01 18:00:00,49.1
D,1967-01-02 18:00:00,49.5
D,1967-01-03 18:00:00,49.8
D,1967-01-04 18:00:00,48.9
D,1967-01-05 18:00:00,48.7
D,1967-01-06 18:00:00,48.6
D,1967-01-07 18:00:00,48.8
D,1967-01-08 18:00:00,47.5
D,1967-01-09 18:00:00,45.5
D,1967-01-10 18:00:00,44.0
D,1967-01-11 18:00:00,43.5
D,1967-01-12 18:00:00,44.1
D,1967-01-13 18:00:00,45.7
D,1967-01-14 18:00:00,46.9
D,1967-01-15 18:00:00,46.8
D,1967-01-16 18:00:00,45.5
D,1967-01-17 18:00:00,43.7
D,1967-01-18 18:00:00,41.9
D,1967-01-19 18:00:00,41.2
D,1967-01-20 18:00:00,42.1
D,1967-01-21 18:00:00,44.2
D,1967-01-22 18:00:00,46.5
D,1967-01-23 18:00:00,49.3
D,1967-01-24 18:00:00,52.2
D,1967-01-25 18:00:00,53.8
D,1967-01-26 18:00:00,53.9
D,1967-01-27 18:00:00,52.8
D,1967-01-28 18:00:00,51.2
D,1967-01-29 18:00:00,48.8
D,1967-01-30 18:00:00,44.5
D,1967-01-31 18:00:00,39.4
D,1967-02-01 18:00:00,35.1
D,1967-02-02 18:00:00,33.1
D,1967-02-03 18:00:00,33.0
D,1967-02-04 18:00:00,34.8
D,1967-02-05 18:00:00,38.3
D,1967-02-06 18:00:00,43.1
D,1967-02-07 18:00:00,46.5
D,1967-02-08 18:00:00,47.4
D,1967-02-09 18:00:00,46.9
D,1967-02-10 18:00:00,46.9
D,1967-02-11 18:00:00,48.3
D,1967-02-12 18:00:00,49.7
D,1967-02-13 18:00:00,49.6
D,1967-02-14 18:00:00,49.3
D,1967-02-15 18:00:00,47.4
D,1967-02-16 18:00:00,45.4
D,1967-02-17 18:00:00,43.6
D,1967-02-18 18:00:00,43.2
D,1967-02-19 18:00:00,42.9
D,1967-02-20 18:00:00,42.2
D,1967-02-21 18:00:00,41.4
D,1967-02-22 18:00:00,41.3
D,1967-02-23 18:00:00,42.0
D,1967-02-24 18:00:00,43.5
D,1967-02-25 18:00:00,46.3
D,1967-02-26 18:00:00,48.5
D,1967-02-27 18:00:00,49.8
D,1967-02-28 18:00:00,49.7
D,1967-03-01 18:00:00,49.8
D,1967-03-02 18:00:00,48.6
D,1967-03-03 18:00:00,46.5
D,1967-03-04 18:00:00,43.3
D,1967-03-05 18:00:00,40.5
D,1967-03-06 18:00:00,38.5
D,1967-03-07 18:00:00,36.3
D,1967-03-08 18:00:00,34.2
D,1967-03-09 18:00:00,31.8
D,1967-03-10 18:00:00,29.6
D,1967-03-11 18:00:00,27.9
D,1967-03-12 18:00:00,26.9
D,1967-03-13 18:00:00,27.3
D,1967-03-14 18:00:00,29.5
D,1967-03-15 18:00:00,33.5
D,1967-03-16 18:00:00,36.9
D,1967-03-17 18:00:00,38.0
D,1967-03-18 18:00:00,37.2
D,1967-03-19 18:00:00,36.6
D,1967-03-20 18:00:00,37.0
D,1967-03-21 18:00:00,37.7
D,1967-03-22 18:00:00,38.0
D,1967-03-23 18:00:00,37.5
D,1967-03-24 18:00:00,36.4
D,1967-03-25 18:00:00,34.6
D,1967-03-26 18:00:00,33.5
D,1967-03-27 18:00:00,33.3
D,1967-03-28 18:00:00,33.7
D,1967-03-29 18:00:00,33.3
D,1967-03-30 18:00:00,32.3
D,1967-03-31 18:00:00,31.1
D,1967-04-01 18:00:00,31.0
D,1967-04-02 18:00:00,30.6
D,1967-04-03 18:00:00,30.0
D,1967-04-04 18:00:00,28.0
D,1967-04-05 18:00:00,25.4
D,1967-04-06 18:00:00,22.6
D,1967-04-07 18:00:00,20.4
D,1967-04-08 18:00:00,18.0
D,1967-04-09 18:00:00,15.4
D,1967-04-10 18:00:00,12.2
D,1967-04-11 18:00:00,9.0
D,1967-04-12 18:00:00,5.5
D,1967-04-13 18:00:00,1.7
D,1967-04-14 18:00:00,-1.7
D,1967-04-15 18:00:00,-3.5
D,1967-04-16 18:00:00,-3.1
D,1967-04-17 18:00:00,-1.0
D,1967-04-18 18:00:00,1.6
D,1967-04-19 18:00:00,3.5
D,1967-04-20 18:00:00,4.4
D,1967-04-21 18:00:00,4.5
D,1967-04-22 18:00:00,4.5
D,1967-04-23 18:00:00,3.6
D,1967-04-24 18:00:00,1.4
D,1967-04-25 18:00:00,-2.3
D,1967-04-26 18:00:00,-6.4
D,1967-04-27 18:00:00,-9.9
D,1967-04-28 18:00:00,-12.2
D,1967-04-29 18:00:00,-12.8
D,1967-04-30 18:00:00,-12.8
D,1967-05-01 18:00:00,-13.0
D,1967-05-02 18:00:00,-13.7
D,1967-05-03 18:00:00,-14.9
D,1967-05-04 18:00:00,-15.3
D,1967-05-05 18:00:00,-15.2
D,1967-05-06 18:00:00,-14.5
D,1967-05-07 18:00:00,-14.3
D,1967-05-08 18:00:00,-14.5
D,1967-05-09 18:00:00,-14.6
D,1967-05-10 18:00:00,-14.4
D,1967-05-11 18:00:00,-13.8
D,1967-05-12 18:00:00,-13.4
D,1967-05-13 18:00:00,-13.1
D,1967-05-14 18:00:00,-12.9
D,1967-05-15 18:00:00,-12.2
D,1967-05-16 18:00:00,-12.2
D,1967-05-17 18:00:00,-12.0
D,1967-05-18 18:00:00,-12.2
D,1967-05-19 18:00:00,-12.2
D,1967-05-20 18:00:00,-12.3
D,1967-05-21 18:00:00,-12.6
D,1967-05-22 18:00:00,-12.4
D,1967-05-23 18:00:00,-12.2
D,1967-05-24 18:00:00,-12.0
D,1967-05-25 18:00:00,-12.1
D,1967-05-26 18:00:00,-12.4
D,1967-05-27 18:00:00,-12.8
D,1967-05-28 18:00:00,-13.3
D,1967-05-29 18:00:00,-14.0
D,1967-05-30 18:00:00,-14.6
D,1967-05-31 18:00:00,-14.6
D,1967-06-01 18:00:00,-14.3
D,1967-06-02 18:00:00,-13.7
D,1967-06-03 18:00:00,-13.3
D,1967-06-04 18:00:00,-13.0
D,1967-06-05 18:00:00,-12.9
D,1967-06-06 18:00:00,-12.7
D,1967-06-07 18:00:00,-12.5
D,1967-06-08 18:00:00,-12.4
D,1967-06-09 18:00:00,-12.2
D,1967-06-10 18:00:00,-12.3
D,1967-06-11 18:00:00,-12.6
D,1967-06-12 18:00:00,-13.1
D,1967-06-13 18:00:00,-13.4
D,1967-06-14 18:00:00,-13.4
D,1967-06-15 18:00:00,-13.3
D,1967-06-16 18:00:00,-13.2
D,1967-06-17 18:00:00,-13.0
D,1967-06-18 18:00:00,-12.7
D,1967-06-19 18:00:00,-12.6
D,1967-06-20 18:00:00,-12.8
D,1967-06-21 18:00:00,-12.6
D,1967-06-22 18:00:00,-12.7
D,1967-06-23 18:00:00,-12.5
D,1967-06-24 18:00:00,-12.5
D,1967-06-25 18:00:00,-12.2
D,1967-06-26 18:00:00,-12.2
D,1967-06-27 18:00:00,-12.0
D,1967-06-28 18:00:00,-11.8
D,1967-06-29 18:00:00,-11.7
D,1967-06-30 18:00:00,-11.6
D,1967-07-01 18:00:00,-11.6
D,1967-07-02 18:00:00,-11.6
D,1967-07-03 18:00:00,-11.3
D,1967-07-04 18:00:00,-11.0
D,1967-07-05 18:00:00,-10.9
D,1967-07-06 18:00:00,-11.0
D,1967-07-07 18:00:00,-11.2
D,1967-07-08 18:00:00,-11.4
D,1967-07-09 18:00:00,-11.5
D,1967-07-10 18:00:00,-11.5
D,1967-07-11 18:00:00,-11.6
D,1967-07-12 18:00:00,-11.4
D,1967-07-13 18:00:00,-11.2
D,1967-07-14 18:00:00,-10.8
D,1967-07-15 18:00:00,-10.3
D,1967-07-16 18:00:00,-9.8
D,1967-07-17 18:00:00,-9.6
D,1967-07-18 18:00:00,-9.4
D,1967-07-19 18:00:00,-9.3
D,1967-07-20 18:00:00,-9.1
D,1967-07-21 18:00:00,-8.8
D,1967-07-22 18:00:00,-8.6
D,1967-07-23 18:00:00,-8.4
D,1967-07-24 18:00:00,-8.2
D,1967-07-25 18:00:00,-7.8
D,1967-07-26 18:00:00,-7.6
D,1967-07-27 18:00:00,-7.2
D,1967-07-28 18:00:00,-7.1
D,1967-07-29 18:00:00,-6.9
D,1967-07-30 18:00:00,-6.7
D,1967-07-31 18:00:00,-6.4
D,1967-08-01 18:00:00,-6.2
D,1967-08-02 18:00:00,-6.3
D,1967-08-03 18:00:00,-6.3
D,1967-08-04 18:00:00,-6.4
D,1967-08-05 18:00:00,-6.2
D,1967-08-06 18:00:00,-6.2
D,1967-08-07 18:00:00,-6.3
D,1967-08-08 18:00:00,-6.0
D,1967-08-09 18:00:00,-5.5
D,1967-08-10 18:00:00,-4.7
D,1967-08-11 18:00:00,-4.2
D,1967-08-12 18:00:00,-3.7
D,1967-08-13 18:00:00,-3.1
D,1967-08-14 18:00:00,-2.5
D,1967-08-15 18:00:00,-1.9
D,1967-08-16 18:00:00,-1.5
D,1967-08-17 18:00:00,-1.1
D,1967-08-18 18:00:00,-0.8
D,1967-08-19 18:00:00,-0.5
D,1967-08-20 18:00:00,-0.3
D,1967-08-21 18:00:00,-0.3
D,1967-08-22 18:00:00,-0.2
D,1967-08-23 18:00:00,-0.0
D,1967-08-24 18:00:00,0.9
D,1967-08-25 18:00:00,1.5
D,1967-08-26 18:00:00,2.0
D,1967-08-27 18:00:00,1.9
D,1967-08-28 18:00:00,2.1
D,1967-08-29 18:00:00,2.4
D,1967-08-30 18:00:00,2.6
D,1967-08-31 18:00:00,2.9
D,1967-09-01 18:00:00,3.2
D,1967-09-02 18:00:00,3.6
D,1967-09-03 18:00:00,3.8
D,1967-09-04 18:00:00,4.1
D,1967-09-05 18:00:00,4.5
D,1967-09-06 18:00:00,4.8
D,1967-09-07 18:00:00,5.2
D,1967-09-08 18:00:00,5.8
D,1967-09-09 18:00:00,6.3
D,1967-09-10 18:00:00,6.7
D,1967-09-11 18:00:00,6.8
D,1967-09-12 18:00:00,6.9
D,1967-09-13 18:00:00,6.9
D,1967-09-14 18:00:00,7.1
D,1967-09-15 18:00:00,7.7
D,1967-09-16 18:00:00,8.2
D,1967-09-17 18:00:00,8.6
D,1967-09-18 18:00:00,8.8
D,1967-09-19 18:00:00,9.4
D,1967-09-20 18:00:00,10.2
D,1967-09-21 18:00:00,11.2
D,1967-09-22 18:00:00,12.1
D,1967-09-23 18:00:00,12.6
D,1967-09-24 18:00:00,12.8
D,1967-09-25 18:00:00,12.8
D,1967-09-26 18:00:00,12.9
D,1967-09-27 18:00:00,13.1
D,1967-09-28 18:00:00,13.3
D,1967-09-29 18:00:00,13.3
D,1967-09-30 18:00:00,13.2
D,1967-10-01 18:00:00,13.6
D,1967-10-02 18:00:00,14.2
D,1967-10-03 18:00:00,15.2
D,1967-10-04 18:00:00,16.3
D,1967-10-05 18:00:00,17.8
D,1967-10-06 18:00:00,19.2
D,1967-10-07 18:00:00,20.2
D,1967-10-08 18:00:00,20.4
D,1967-10-09 18:00:00,20.5
D,1967-10-10 18:00:00,20.7
D,1967-10-11 18:00:00,21.2
D,1967-10-12 18:00:00,21.7
D,1967-10-13 18:00:00,22.2
D,1967-10-14 18:00:00,22.8
D,1967-10-15 18:00:00,23.1
D,1967-10-16 18:00:00,23.8
D,1967-10-17 18:00:00,25.0
D,1967-10-18 18:00:00,26.4
D,1967-10-19 18:00:00,27.2
D,1967-10-20 18:00:00,27.1
D,1967-10-21 18:00:00,27.1
D,1967-10-22 18:00:00,27.3
D,1967-10-23 18:00:00,28.0
D,1967-10-24 18:00:00,28.8
D,1967-10-25 18:00:00,29.4
D,1967-10-26 18:00:00,29.8
D,1967-10-27 18:00:00,30.3
D,1967-10-28 18:00:00,31.0
D,1967-10-29 18:00:00,31.6
D,1967-10-30 18:00:00,31.9
D,1967-10-31 18:00:00,31.8
D,1967-11-01 18:00:00,31.5
D,1967-11-02 18:00:00,31.7
D,1967-11-03 18:00:00,32.5
D,1967-11-04 18:00:00,33.8
D,1967-11-05 18:00:00,34.6
D,1967-11-06 18:00:00,34.4
D,1967-11-07 18:00:00,33.2
D,1967-11-08 18:00:00,32.4
D,1967-11-09 18:00:00,31.4
D,1967-11-10 18:00:00,31.0
D,1967-11-11 18:00:00,30.3
D,1967-11-12 18:00:00,30.5
D,1967-11-13 18:00:00,30.0
D,1967-11-14 18:00:00,29.4
D,1967-11-15 18:00:00,28.9
D,1967-11-16 18:00:00,29.7
D,1967-11-17 18:00:00,30.1
D,1967-11-18 18:00:00,29.1
D,1967-11-19 18:00:00,27.2
D,1967-11-20 18:00:00,25.6
D,1967-11-21 18:00:00,25.4
D,1967-11-22 18:00:00,25.4
D,1967-11-23 18:00:00,24.9
D,1967-11-24 18:00:00,23.8
D,1967-11-25 18:00:00,23.1
D,1967-11-26 18:00:00,23.8
D,1967-11-27 18:00:00,25.2
D,1967-11-28 18:00:00,27.4
D,1967-11-29 18:00:00,30.2
D,1967-11-30 18:00:00,33.7
D,1967-12-01 18:00:00,37.0
D,1967-12-02 18:00:00,39.5
D,1967-12-03 18:00:00,41.9
D,1967-12-04 18:00:00,44.1
D,1967-12-05 18:00:00,46.4
D,1967-12-06 18:00:00,48.2
D,1967-12-07 18:00:00,49.6
D,1967-12-08 18:00:00,50.7
D,1967-12-09 18:00:00,51.4
D,1967-12-10 18:00:00,51.6
D,1967-12-11 18:00:00,50.7
D,1967-12-12 18:00:00,48.9
D,1967-12-13 18:00:00,46.8
D,1967-12-14 18:00:00,44.3
D,1967-12-15 18:00:00,42.0
D,1967-12-16 18:00:00,40.5
D,1967-12-17 18:00:00,40.5
D,1967-12-18 18:00:00,39.0
D,1967-12-19 18:00:00,36.6
D,1967-12-20 18:00:00,33.5
D,1967-12-21 18:00:00,32.3
D,1967-12-22 18:00:00,31.1
D,1967-12-23 18:00:00,30.3
D,1967-12-24 18:00:00,29.6
D,1967-12-25 18:00:00,31.2
D,1967-12-26 18:00:00,34.3
D,1967-12-27 18:00:00,35.5
D,1967-12-28 18:00:00,30.8
D,1967-12-29 18:00:00,23.1
D,1967-12-30 18:00:00,16.9
D,1967-12-31 18:00:00,14.4
D,1968-01-01 18:00:00,12.8
D,1968-01-02 18:00:00,12.2
D,1968-01-03 18:00:00,11.4
D,1968-01-04 18:00:00,10.8
D,1968-01-05 18:00:00,7.7
D,1968-01-06 18:00:00,3.8
D,1968-01-07 18:00:00,-1.0
D,1968-01-08 18:00:00,-3.5
D,1968-01-09 18:00:00,-4.0
D,1968-01-10 18:00:00,-3.4
D,1968-01-11 18:00:00,-2.4
D,1968-01-12 18:00:00,-0.9
D,1968-01-13 18:00:00,2.1
D,1968-01-14 18:00:00,5.5
D,1968-01-15 18:00:00,7.5
D,1968-01-16 18:00:00,6.9
D,1968-01-17 18:00:00,5.6
D,1968-01-18 18:00:00,6.5
D,1968-01-19 18:00:00,9.8
D,1968-01-20 18:00:00,13.5
D,1968-01-21 18:00:00,15.3
D,1968-01-22 18:00:00,16.2
D,1968-01-23 18:00:00,17.9
D,1968-01-24 18:00:00,20.1
D,1968-01-25 18:00:00,22.0
D,1968-01-26 18:00:00,22.0
D,1968-01-27 18:00:00,21.4
D,1968-01-28 18:00:00,21.3
D,1968-01-29 18:00:00,22.0
D,1968-01-30 18:00:00,22.6
D,1968-01-31 18:00:00,23.0
D,1968-02-01 18:00:00,23.6
D,1968-02-02 18:00:00,24.7
D,1968-02-03 18:00:00,25.0
D,1968-02-04 18:00:00,24.5
D,1968-02-05 18:00:00,23.5
D,1968-02-06 18:00:00,23.2
D,1968-02-07 18:00:00,23.5
D,1968-02-08 18:00:00,24.5
D,1968-02-09 18:00:00,25.9
D,1968-02-10 18:00:00,26.1
D,1968-02-11 18:00:00,25.4
D,1968-02-12 18:00:00,23.9
D,1968-02-13 18:00:00,22.7
D,1968-02-14 18:00:00,20.9
D,1968-02-15 18:00:00,18.9
D,1968-02-16 18:00:00,18.7
D,1968-02-17 18:00:00,20.4
D,1968-02-18 18:00:00,23.0
D,1968-02-19 18:00:00,25.8
D,1968-02-20 18:00:00,28.0
D,1968-02-21 18:00:00,29.7
D,1968-02-22 18:00:00,29.8
D,1968-02-23 18:00:00,29.4
D,1968-02-24 18:00:00,28.6
D,1968-02-25 18:00:00,27.9
D,1968-02-26 18:00:00,27.5
D,1968-02-27 18:00:00,26.6
D,1968-02-28 18:00:00,25.8
D,1968-02-29 18:00:00,25.3
D,1968-03-01 18:00:00,25.3
D,1968-03-02 18:00:00,25.0
D,1968-03-03 18:00:00,25.1
D,1968-03-04 18:00:00,25.7
D,1968-03-05 18:00:00,27.0
D,1968-03-06 18:00:00,27.4
D,1968-03-07 18:00:00,27.2
D,1968-03-08 18:00:00,27.0
D,1968-03-09 18:00:00,27.5
D,1968-03-10 18:00:00,29.2
D,1968-03-11 18:00:00,30.7
D,1968-03-12 18:00:00,32.5
D,1968-03-13 18:00:00,33.9
D,1968-03-14 18:00:00,35.5
D,1968-03-15 18:00:00,37.0
D,1968-03-16 18:00:00,38.3
D,1968-03-17 18:00:00,39.7
D,1968-03-18 18:00:00,40.1
D,1968-03-19 18:00:00,40.4
D,1968-03-20 18:00:00,40.2
D,1968-03-21 18:00:00,39.6
D,1968-03-22 18:00:00,37.6
D,1968-03-23 18:00:00,35.4
D,1968-03-24 18:00:00,34.2
D,1968-03-25 18:00:00,34.2
D,1968-03-26 18:00:00,34.7
D,1968-03-27 18:00:00,35.2
D,1968-03-28 18:00:00,35.4
D,1968-03-29 18:00:00,35.1
D,1968-03-30 18:00:00,34.5
D,1968-03-31 18:00:00,34.1
D,1968-04-01 18:00:00,33.7
D,1968-04-02 18:00:00,33.4
D,1968-04-03 18:00:00,32.8
D,1968-04-04 18:00:00,32.2
D,1968-04-05 18:00:00,31.7
D,1968-04-06 18:00:00,31.1
D,1968-04-07 18:00:00,30.7
D,1968-04-08 18:00:00,30.1
D,1968-04-09 18:00:00,29.4
D,1968-04-10 18:00:00,27.5
D,1968-04-11 18:00:00,24.0
D,1968-04-12 18:00:00,20.2
D,1968-04-13 18:00:00,16.3
D,1968-04-14 18:00:00,13.2
D,1968-04-15 18:00:00,10.2
D,1968-04-16 18:00:00,7.9
D,1968-04-17 18:00:00,6.1
D,1968-04-18 18:00:00,4.9
D,1968-04-19 18:00:00,3.7
D,1968-04-20 18:00:00,1.5
D,1968-04-21 18:00:00,-1.3
D,1968-04-22 18:00:00,-3.7
D,1968-04-23 18:00:00,-4.9
D,1968-04-24 18:00:00,-4.9
D,1968-04-25 18:00:00,-4.7
D,1968-04-26 18:00:00,-4.2
D,1968-04-27 18:00:00,-4.4
D,1968-04-28 18:00:00,-5.1
D,1968-04-29 18:00:00,-6.4
D,1968-04-30 18:00:00,-7.4
D,1968-05-01 18:00:00,-8.5
D,1968-05-02 18:00:00,-9.8
D,1968-05-03 18:00:00,-10.7
D,1968-05-04 18:00:00,-11.5
D,1968-05-05 18:00:00,-12.3
D,1968-05-06 18:00:00,-13.6
D,1968-05-07 18:00:00,-15.2
D,1968-05-08 18:00:00,-16.3
D,1968-05-09 18:00:00,-16.9
D,1968-05-10 18:00:00,-16.8
D,1968-05-11 18:00:00,-16.4
D,1968-05-12 18:00:00,-16.1
D,1968-05-13 18:00:00,-15.8
D,1968-05-14 18:00:00,-15.4
D,1968-05-15 18:00:00,-15.0
D,1968-05-16 18:00:00,-14.8
D,1968-05-17 18:00:00,-14.7
D,1968-05-18 18:00:00,-14.4
D,1968-05-19 18:00:00,-14.2
D,1968-05-20 18:00:00,-14.3
D,1968-05-21 18:00:00,-14.6
D,1968-05-22 18:00:00,-14.6
D,1968-05-23 18:00:00,-14.5
D,1968-05-24 18:00:00,-14.4
D,1968-05-25 18:00:00,-14.5
D,1968-05-26 18:00:00,-14.5
D,1968-05-27 18:00:00,-14.4
D,1968-05-28 18:00:00,-14.5
D,1968-05-29 18:00:00,-14.6
D,1968-05-30 18:00:00,-14.3
D,1968-05-31 18:00:00,-14.2
D,1968-06-01 18:00:00,-14.2
D,1968-06-02 18:00:00,-14.3
D,1968-06-03 18:00:00,-14.3
D,1968-06-04 18:00:00,-14.4
D,1968-06-05 18:00:00,-14.5
D,1968-06-06 18:00:00,-14.5
D,1968-06-07 18:00:00,-14.5
D,1968-06-08 18:00:00,-14.7
D,1968-06-09 18:00:00,-15.0
D,1968-06-10 18:00:00,-15.2
D,1968-06-11 18:00:00,-15.6
D,1968-06-12 18:00:00,-15.9
D,1968-06-13 18:00:00,-15.9
D,1968-06-14 18:00:00,-15.6
D,1968-06-15 18:00:00,-15.3
D,1968-06-16 18:00:00,-15.0
D,1968-06-17 18:00:00,-15.0
D,1968-06-18 18:00:00,-15.0
D,1968-06-19 18:00:00,-15.1
D,1968-06-20 18:00:00,-15.1
D,1968-06-21 18:00:00,-14.9
D,1968-06-22 18:00:00,-14.9
D,1968-06-23 18:00:00,-15.0
D,1968-06-24 18:00:00,-15.2
D,1968-06-25 18:00:00,-15.2
D,1968-06-26 18:00:00,-15.0
D,1968-06-27 18:00:00,-15.1
D,1968-06-28 18:00:00,-15.1
D,1968-06-29 18:00:00,-15.1
D,1968-06-30 18:00:00,-15.3
D,1968-07-01 18:00:00,-15.2
D,1968-07-02 18:00:00,-15.1
D,1968-07-03 18:00:00,-14.6
D,1968-07-04 18:00:00,-14.2
D,1968-07-05 18:00:00,-13.8
D,1968-07-06 18:00:00,-13.7
D,1968-07-07 18:00:00,-13.6
D,1968-07-08 18:00:00,-13.5
D,1968-07-09 18:00:00,-13.3
D,1968-07-10 18:00:00,-13.4
D,1968-07-11 18:00:00,-13.4
D,1968-07-12 18:00:00,-13.3
D,1968-07-13 18:00:00,-13.3
D,1968-07-14 18:00:00,-13.0
D,1968-07-15 18:00:00,-12.9
D,1968-07-16 18:00:00,-12.5
D,1968-07-17 18:00:00,-12.3
D,1968-07-18 18:00:00,-12.0
D,1968-07-19 18:00:00,-12.1
D,1968-07-20 18:00:00,-12.0
D,1968-07-21 18:00:00,-12.0
D,1968-07-22 18:00:00,-11.5
D,1968-07-23 18:00:00,-11.0
D,1968-07-24 18:00:00,-10.5
D,1968-07-25 18:00:00,-10.3
D,1968-07-26 18:00:00,-10.2
D,1968-07-27 18:00:00,-10.1
D,1968-07-28 18:00:00,-10.2
D,1968-07-29 18:00:00,-10.1
D,1968-07-30 18:00:00,-9.5
D,1968-07-31 18:00:00,-8.7
D,1968-08-01 18:00:00,-8.2
D,1968-08-02 18:00:00,-8.1
D,1968-08-03 18:00:00,-7.8
D,1968-08-04 18:00:00,-7.4
D,1968-08-05 18:00:00,-7.0
D,1968-08-06 18:00:00,-6.8
D,1968-08-07 18:00:00,-6.5
D,1968-08-08 18:00:00,-6.2
D,1968-08-09 18:00:00,-5.8
D,1968-08-10 18:00:00,-5.3
D,1968-08-11 18:00:00,-4.7
D,1968-08-12 18:00:00,-4.1
D,1968-08-13 18:00:00,-3.6
D,1968-08-14 18:00:00,-3.4
D,1968-08-15 18:00:00,-3.1
D,1968-08-16 18:00:00,-2.9
D,1968-08-17 18:00:00,-2.7
D,1968-08-18 18:00:00,-2.5
D,1968-08-19 18:00:00,-2.3
D,1968-08-20 18:00:00,-2.0
D,1968-08-21 18:00:00,-1.4
D,1968-08-22 18:00:00,-1.0
D,1968-08-23 18:00:00,-0.6
D,1968-08-24 18:00:00,-0.4
D,1968-08-25 18:00:00,-0.2
D,1968-08-26 18:00:00,-0.1
D,1968-08-27 18:00:00,-0.0
D,1968-08-28 18:00:00,0.4
D,1968-08-29 18:00:00,0.7
D,1968-08-30 18:00:00,1.0
D,1968-08-31 18:00:00,1.3
D,1968-09-01 18:00:00,1.6
D,1968-09-02 18:00:00,1.9
D,1968-09-03 18:00:00,2.0
D,1968-09-04 18:00:00,1.7
D,1968-09-05 18:00:00,1.5
D,1968-09-06 18:00:00,1.3
D,1968-09-07 18:00:00,1.7
D,1968-09-08 18:00:00,2.3
D,1968-09-09 18:00:00,2.9
D,1968-09-10 18:00:00,3.3
D,1968-09-11 18:00:00,3.9
D,1968-09-12 18:00:00,4.6
D,1968-09-13 18:00:00,5.4
D,1968-09-14 18:00:00,5.8
D,1968-09-15 18:00:00,6.3
D,1968-09-16 18:00:00,6.9
D,1968-09-17 18:00:00,7.2
D,1968-09-18 18:00:00,7.3
D,1968-09-19 18:00:00,7.5
D,1968-09-20 18:00:00,7.9
D,1968-09-21 18:00:00,8.4
D,1968-09-22 18:00:00,8.8
D,1968-09-23 18:00:00,9.2
D,1968-09-24 18:00:00,9.6
D,1968-09-25 18:00:00,10.3
D,1968-09-26 18:00:00,11.4
D,1968-09-27 18:00:00,12.8
D,1968-09-28 18:00:00,14.0
D,1968-09-29 18:00:00,14.7
D,1968-09-30 18:00:00,15.4
D,1968-10-01 18:00:00,16.3
D,1968-10-02 18:00:00,17.5
D,1968-10-03 18:00:00,18.3
D,1968-10-04 18:00:00,18.3
D,1968-10-05 18:00:00,18.2
D,1968-10-06 18:00:00,18.3
D,1968-10-07 18:00:00,18.3
D,1968-10-08 18:00:00,17.8
D,1968-10-09 18:00:00,16.8
D,1968-10-10 18:00:00,16.0
D,1968-10-11 18:00:00,15.6
D,1968-10-12 18:00:00,16.2
D,1968-10-13 18:00:00,17.3
D,1968-10-14 18:00:00,18.6
D,1968-10-15 18:00:00,19.7
D,1968-10-16 18:00:00,20.2
D,1968-10-17 18:00:00,20.6
D,1968-10-18 18:00:00,20.9
D,1968-10-19 18:00:00,21.3
D,1968-10-20 18:00:00,21.9
D,1968-10-21 18:00:00,22.2
D,1968-10-22 18:00:00,22.1
D,1968-10-23 18:00:00,22.2
D,1968-10-24 18:00:00,22.9
D,1968-10-25 18:00:00,24.3
D,1968-10-26 18:00:00,25.4
D,1968-10-27 18:00:00,26.4
D,1968-10-28 18:00:00,27.5
D,1968-10-29 18:00:00,28.7
D,1968-10-30 18:00:00,29.0
D,1968-10-31 18:00:00,28.8
D,1968-11-01 18:00:00,28.0
D,1968-11-02 18:00:00,27.3
D,1968-11-03 18:00:00,26.3
D,1968-11-04 18:00:00,25.5
D,1968-11-05 18:00:00,24.4
D,1968-11-06 18:00:00,23.3
D,1968-11-07 18:00:00,22.3
D,1968-11-08 18:00:00,22.0
D,1968-11-09 18:00:00,22.1
D,1968-11-10 18:00:00,22.6
D,1968-11-11 18:00:00,23.0
D,1968-11-12 18:00:00,23.0
D,1968-11-13 18:00:00,22.2
D,1968-11-14 18:00:00,20.5
D,1968-11-15 18:00:00,18.0
D,1968-11-16 18:00:00,16.1
D,1968-11-17 18:00:00,14.2
D,1968-11-18 18:00:00,13.1
D,1968-11-19 18:00:00,12.1
D,1968-11-20 18:00:00,11.8
D,1968-11-21 18:00:00,12.3
D,1968-11-22 18:00:00,13.2
D,1968-11-23 18:00:00,13.6
D,1968-11-24 18:00:00,12.1
D,1968-11-25 18:00:00,9.0
D,1968-11-26 18:00:00,6.2
D,1968-11-27 18:00:00,2.6
D,1968-11-28 18:00:00,-0.9
D,1968-11-29 18:00:00,-2.7
D,1968-11-30 18:00:00,-1.9
D,1968-12-01 18:00:00,2.7
D,1968-12-02 18:00:00,5.6
D,1968-12-03 18:00:00,6.9
D,1968-12-04 18:00:00,6.3
D,1968-12-05 18:00:00,6.8
D,1968-12-06 18:00:00,9.0
D,1968-12-07 18:00:00,9.2
D,1968-12-08 18:00:00,9.9
D,1968-12-09 18:00:00,10.2
D,1968-12-10 18:00:00,13.0
D,1968-12-11 18:00:00,15.6
D,1968-12-12 18:00:00,17.4
D,1968-12-13 18:00:00,17.6
D,1968-12-14 18:00:00,16.3
D,1968-12-15 18:00:00,14.8
D,1968-12-16 18:00:00,13.7
D,1968-12-17 18:00:00,11.8
D,1968-12-18 18:00:00,11.3
D,1968-12-19 18:00:00,12.2
D,1968-12-20 18:00:00,15.3
D,1968-12-21 18:00:00,18.2
D,1968-12-22 18:00:00,20.0
D,1968-12-23 18:00:00,19.8
D,1968-12-24 18:00:00,18.4
D,1968-12-25 18:00:00,16.2
D,1968-12-26 18:00:00,14.3
D,1968-12-27 18:00:00,12.7
D,1968-12-28 18:00:00,11.4
D,1968-12-29 18:00:00,11.1
D,1968-12-30 18:00:00,12.0
D,1968-12-31 18:00:00,14.0
D,1969-01-01 18:00:00,16.1
D,1969-01-02 18:00:00,18.0
D,1969-01-03 18:00:00,19.2
D,1969-01-04 18:00:00,20.0
D,1969-01-05 18:00:00,20.7
D,1969-01-06 18:00:00,21.9
D,1969-01-07 18:00:00,23.1
D,1969-01-08 18:00:00,24.4
D,1969-01-09 18:00:00,25.6
D,1969-01-10 18:00:00,25.4
D,1969-01-11 18:00:00,24.7
D,1969-01-12 18:00:00,22.9
D,1969-01-13 18:00:00,20.9
D,1969-01-14 18:00:00,19.1
D,1969-01-15 18:00:00,19.0
D,1969-01-16 18:00:00,20.9
D,1969-01-17 18:00:00,23.6
D,1969-01-18 18:00:00,25.8
D,1969-01-19 18:00:00,27.5
D,1969-01-20 18:00:00,28.8
D,1969-01-21 18:00:00,30.2
D,1969-01-22 18:00:00,30.6
D,1969-01-23 18:00:00,29.1
D,1969-01-24 18:00:00,26.7
D,1969-01-25 18:00:00,24.0
D,1969-01-26 18:00:00,22.4
D,1969-01-27 18:00:00,20.3
D,1969-01-28 18:00:00,18.5
D,1969-01-29 18:00:00,17.1
D,1969-01-30 18:00:00,16.5
D,1969-01-31 18:00:00,16.5
D,1969-02-01 18:00:00,17.3
D,1969-02-02 18:00:00,19.1
D,1969-02-03 18:00:00,21.6
D,1969-02-04 18:00:00,23.7
D,1969-02-05 18:00:00,25.0
D,1969-02-06 18:00:00,25.8
D,1969-02-07 18:00:00,26.1
D,1969-02-08 18:00:00,26.3
D,1969-02-09 18:00:00,26.1
D,1969-02-10 18:00:00,26.3
D,1969-02-11 18:00:00,25.9
D,1969-02-12 18:00:00,24.9
D,1969-02-13 18:00:00,23.4
D,1969-02-14 18:00:00,21.2
D,1969-02-15 18:00:00,18.8
D,1969-02-16 18:00:00,17.0
D,1969-02-17 18:00:00,16.5
D,1969-02-18 18:00:00,16.3
D,1969-02-19 18:00:00,15.9
D,1969-02-20 18:00:00,16.4
D,1969-02-21 18:00:00,18.0
D,1969-02-22 18:00:00,20.2
D,1969-02-23 18:00:00,21.7
D,1969-02-24 18:00:00,22.4
D,1969-02-25 18:00:00,22.8
D,1969-02-26 18:00:00,23.3
D,1969-02-27 18:00:00,23.6
D,1969-02-28 18:00:00,23.0
D,1969-03-01 18:00:00,20.5
D,1969-03-02 18:00:00,17.4
D,1969-03-03 18:00:00,14.4
D,1969-03-04 18:00:00,11.7
D,1969-03-05 18:00:00,9.8
D,1969-03-06 18:00:00,8.8
D,1969-03-07 18:00:00,10.4
D,1969-03-08 18:00:00,12.3
D,1969-03-09 18:00:00,13.0
D,1969-03-10 18:00:00,11.5
D,1969-03-11 18:00:00,8.4
D,1969-03-12 18:00:00,4.4
D,1969-03-13 18:00:00,1.9
D,1969-03-14 18:00:00,1.7
D,1969-03-15 18:00:00,3.5
D,1969-03-16 18:00:00,5.1
D,1969-03-17 18:00:00,5.8
D,1969-03-18 18:00:00,6.3
D,1969-03-19 18:00:00,6.7
D,1969-03-20 18:00:00,7.2
D,1969-03-21 18:00:00,7.6
D,1969-03-22 18:00:00,8.3
D,1969-03-23 18:00:00,9.3
D,1969-03-24 18:00:00,10.2
D,1969-03-25 18:00:00,10.7
D,1969-03-26 18:00:00,11.8
D,1969-03-27 18:00:00,13.2
D,1969-03-28 18:00:00,14.1
D,1969-03-29 18:00:00,13.7
D,1969-03-30 18:00:00,12.3
D,1969-03-31 18:00:00,10.7
D,1969-04-01 18:00:00,8.9
D,1969-04-02 18:00:00,7.5
D,1969-04-03 18:00:00,6.8
D,1969-04-04 18:00:00,6.3
D,1969-04-05 18:00:00,5.8
D,1969-04-06 18:00:00,4.4
D,1969-04-07 18:00:00,2.9
D,1969-04-08 18:00:00,1.8
D,1969-04-09 18:00:00,1.3
D,1969-04-10 18:00:00,0.9
D,1969-04-11 18:00:00,0.7
D,1969-04-12 18:00:00,0.3
D,1969-04-13 18:00:00,-0.3
D,1969-04-14 18:00:00,-1.2
D,1969-04-15 18:00:00,-2.3
D,1969-04-16 18:00:00,-3.3
D,1969-04-17 18:00:00,-4.9
D,1969-04-18 18:00:00,-5.6
D,1969-04-19 18:00:00,-6.2
D,1969-04-20 18:00:00,-6.2
D,1969-04-21 18:00:00,-6.5
D,1969-04-22 18:00:00,-6.8
D,1969-04-23 18:00:00,-7.0
D,1969-04-24 18:00:00,-7.1
D,1969-04-25 18:00:00,-6.8
D,1969-04-26 18:00:00,-6.0
D,1969-04-27 18:00:00,-5.7
D,1969-04-28 18:00:00,-5.8
D,1969-04-29 18:00:00,-6.5
D,1969-04-30 18:00:00,-7.2
D,1969-05-01 18:00:00,-7.5
D,1969-05-02 18:00:00,-7.9
D,1969-05-03 18:00:00,-8.4
D,1969-05-04 18:00:00,-8.3
D,1969-05-05 18:00:00,-7.8
D,1969-05-06 18:00:00,-7.0
D,1969-05-07 18:00:00,-6.8
D,1969-05-08 18:00:00,-6.8
D,1969-05-09 18:00:00,-7.3
D,1969-05-10 18:00:00,-7.7
D,1969-05-11 18:00:00,-8.1
D,1969-05-12 18:00:00,-8.1
D,1969-05-13 18:00:00,-7.9
D,1969-05-14 18:00:00,-7.6
D,1969-05-15 18:00:00,-7.3
D,1969-05-16 18:00:00,-7.3
D,1969-05-17 18:00:00,-7.3
D,1969-05-18 18:00:00,-7.4
D,1969-05-19 18:00:00,-7.4
D,1969-05-20 18:00:00,-7.6
D,1969-05-21 18:00:00,-7.8
D,1969-05-22 18:00:00,-8.1
D,1969-05-23 18:00:00,-8.1
D,1969-05-24 18:00:00,-8.1
D,1969-05-25 18:00:00,-8.3
D,1969-05-26 18:00:00,-8.5
D,1969-05-27 18:00:00,-8.6
D,1969-05-28 18:00:00,-8.6
D,1969-05-29 18:00:00,-8.7
D,1969-05-30 18:00:00,-8.7
D,1969-05-31 18:00:00,-8.6
D,1969-06-01 18:00:00,-8.3
D,1969-06-02 18:00:00,-8.2
D,1969-06-03 18:00:00,-8.2
D,1969-06-04 18:00:00,-8.5
D,1969-06-05 18:00:00,-8.8
D,1969-06-06 18:00:00,-9.0
D,1969-06-07 18:00:00,-9.5
D,1969-06-08 18:00:00,-9.8
D,1969-06-09 18:00:00,-10.1
D,1969-06-10 18:00:00,-10.3
D,1969-06-11 18:00:00,-10.6
D,1969-06-12 18:00:00,-11.0
D,1969-06-13 18:00:00,-11.0
D,1969-06-14 18:00:00,-10.9
D,1969-06-15 18:00:00,-10.8
D,1969-06-16 18:00:00,-10.9
D,1969-06-17 18:00:00,-11.1
D,1969-06-18 18:00:00,-11.5
D,1969-06-19 18:00:00,-11.6
D,1969-06-20 18:00:00,-11.9
D,1969-06-21 18:00:00,-12.0
D,1969-06-22 18:00:00,-12.3
D,1969-06-23 18:00:00,-12.1
D,1969-06-24 18:00:00,-12.0
D,1969-06-25 18:00:00,-11.9
D,1969-06-26 18:00:00,-12.2
D,1969-06-27 18:00:00,-12.3
D,1969-06-28 18:00:00,-12.2
D,1969-06-29 18:00:00,-11.9
D,1969-06-30 18:00:00,-11.6
D,1969-07-01 18:00:00,-11.7
D,1969-07-02 18:00:00,-12.0
D,1969-07-03 18:00:00,-12.0
D,1969-07-04 18:00:00,-12.2
D,1969-07-05 18:00:00,-12.2
D,1969-07-06 18:00:00,-12.2
D,1969-07-07 18:00:00,-11.9
D,1969-07-08 18:00:00,-11.6
D,1969-07-09 18:00:00,-11.5
D,1969-07-10 18:00:00,-11.4
D,1969-07-11 18:00:00,-11.5
D,1969-07-12 18:00:00,-11.5
D,1969-07-13 18:00:00,-11.5
D,1969-07-14 18:00:00,-11.3
D,1969-07-15 18:00:00,-11.0
D,1969-07-16 18:00:00,-10.6
D,1969-07-17 18:00:00,-10.1
D,1969-07-18 18:00:00,-9.9
D,1969-07-19 18:00:00,-9.9
D,1969-07-20 18:00:00,-9.8
D,1969-07-21 18:00:00,-9.7
D,1969-07-22 18:00:00,-9.5
D,1969-07-23 18:00:00,-9.3
D,1969-07-24 18:00:00,-8.7
D,1969-07-25 18:00:00,-8.1
D,1969-07-26 18:00:00,-7.9
D,1969-07-27 18:00:00,-7.9
D,1969-07-28 18:00:00,-7.8
D,1969-07-29 18:00:00,-7.6
D,1969-07-30 18:00:00,-7.8
D,1969-07-31 18:00:00,-7.8
D,1969-08-01 18:00:00,-7.7
D,1969-08-02 18:00:00,-7.3
D,1969-08-03 18:00:00,-7.0
D,1969-08-04 18:00:00,-6.7
D,1969-08-05 18:00:00,-6.3
D,1969-08-06 18:00:00,-5.8
D,1969-08-07 18:00:00,-5.5
D,1969-08-08 18:00:00,-5.3
D,1969-08-09 18:00:00,-5.2
D,1969-08-10 18:00:00,-5.0
D,1969-08-11 18:00:00,-4.6
D,1969-08-12 18:00:00,-4.3
D,1969-08-13 18:00:00,-4.1
D,1969-08-14 18:00:00,-3.8
D,1969-08-15 18:00:00,-3.4
D,1969-08-16 18:00:00,-3.1
D,1969-08-17 18:00:00,-2.9
D,1969-08-18 18:00:00,-2.8
D,1969-08-19 18:00:00,-2.4
D,1969-08-20 18:00:00,-2.0
D,1969-08-21 18:00:00,-1.5
D,1969-08-22 18:00:00,-1.0
D,1969-08-23 18:00:00,-0.6
D,1969-08-24 18:00:00,-0.4
D,1969-08-25 18:00:00,-0.0
D,1969-08-26 18:00:00,0.5
D,1969-08-27 18:00:00,1.1
D,1969-08-28 18:00:00,1.5
D,1969-08-29 18:00:00,1.9
D,1969-08-30 18:00:00,2.1
D,1969-08-31 18:00:00,2.4
D,1969-09-01 18:00:00,2.6
D,1969-09-02 18:00:00,2.9
D,1969-09-03 18:00:00,3.2
D,1969-09-04 18:00:00,3.5
D,1969-09-05 18:00:00,4.3
D,1969-09-06 18:00:00,5.0
D,1969-09-07 18:00:00,5.7
D,1969-09-08 18:00:00,6.3
D,1969-09-09 18:00:00,6.9
D,1969-09-10 18:00:00,7.7
D,1969-09-11 18:00:00,8.4
D,1969-09-12 18:00:00,9.0
D,1969-09-13 18:00:00,9.3
D,1969-09-14 18:00:00,9.5
D,1969-09-15 18:00:00,9.5
D,1969-09-16 18:00:00,9.9
D,1969-09-17 18:00:00,10.1
D,1969-09-18 18:00:00,10.2
D,1969-09-19 18:00:00,10.0
D,1969-09-20 18:00:00,10.0
D,1969-09-21 18:00:00,10.4
D,1969-09-22 18:00:00,10.8
D,1969-09-23 18:00:00,11.0
D,1969-09-24 18:00:00,11.1
D,1969-09-25 18:00:00,11.7
D,1969-09-26 18:00:00,12.6
D,1969-09-27 18:00:00,13.7
D,1969-09-28 18:00:00,14.5
D,1969-09-29 18:00:00,15.1
D,1969-09-30 18:00:00,15.9
D,1969-10-01 18:00:00,16.6
D,1969-10-02 18:00:00,17.3
D,1969-10-03 18:00:00,17.7
D,1969-10-04 18:00:00,17.8
D,1969-10-05 18:00:00,17.7
D,1969-10-06 18:00:00,17.8
D,1969-10-07 18:00:00,18.1
D,1969-10-08 18:00:00,18.5
D,1969-10-09 18:00:00,18.8
D,1969-10-10 18:00:00,18.9
D,1969-10-11 18:00:00,18.9
D,1969-10-12 18:00:00,19.0
D,1969-10-13 18:00:00,19.2
D,1969-10-14 18:00:00,19.6
D,1969-10-15 18:00:00,20.1
D,1969-10-16 18:00:00,20.6
D,1969-10-17 18:00:00,21.0
D,1969-10-18 18:00:00,20.9
D,1969-10-19 18:00:00,20.4
D,1969-10-20 18:00:00,19.3
D,1969-10-21 18:00:00,17.7
D,1969-10-22 18:00:00,16.3
D,1969-10-23 18:00:00,15.5
D,1969-10-24 18:00:00,15.6
D,1969-10-25 18:00:00,16.6
D,1969-10-26 18:00:00,18.5
D,1969-10-27 18:00:00,21.4
D,1969-10-28 18:00:00,24.5
D,1969-10-29 18:00:00,26.8
D,1969-10-30 18:00:00,27.4
D,1969-10-31 18:00:00,27.6
D,1969-11-01 18:00:00,28.2
D,1969-11-02 18:00:00,30.2
D,1969-11-03 18:00:00,32.0
D,1969-11-04 18:00:00,33.0
D,1969-11-05 18:00:00,33.1
D,1969-11-06 18:00:00,32.8
D,1969-11-07 18:00:00,31.7
D,1969-11-08 18:00:00,30.5
D,1969-11-09 18:00:00,29.3
D,1969-11-10 18:00:00,29.0
D,1969-11-11 18:00:00,29.0
D,1969-11-12 18:00:00,29.2
D,1969-11-13 18:00:00,29.8
D,1969-11-14 18:00:00,31.3
D,1969-11-15 18:00:00,33.6
D,1969-11-16 18:00:00,35.5
D,1969-11-17 18:00:00,36.0
D,1969-11-18 18:00:00,34.9
D,1969-11-19 18:00:00,34.1
D,1969-11-20 18:00:00,34.9
D,1969-11-21 18:00:00,37.3
D,1969-11-22 18:00:00,39.0
D,1969-11-23 18:00:00,39.2
D,1969-11-24 18:00:00,38.8
D,1969-11-25 18:00:00,38.2
D,1969-11-26 18:00:00,37.5
D,1969-11-27 18:00:00,36.6
D,1969-11-28 18:00:00,36.0
D,1969-11-29 18:00:00,35.9
D,1969-11-30 18:00:00,36.0
D,1969-12-01 18:00:00,36.0
D,1969-12-02 18:00:00,35.0
D,1969-12-03 18:00:00,33.3
D,1969-12-04 18:00:00,31.9
D,1969-12-05 18:00:00,32.0
D,1969-12-06 18:00:00,33.3
D,1969-12-07 18:00:00,34.7
D,1969-12-08 18:00:00,35.3
D,1969-12-09 18:00:00,34.4
D,1969-12-10 18:00:00,32.8
D,1969-12-11 18:00:00,31.4
D,1969-12-12 18:00:00,30.2
D,1969-12-13 18:00:00,29.0
D,1969-12-14 18:00:00,27.6
D,1969-12-15 18:00:00,26.7
D,1969-12-16 18:00:00,25.3
D,1969-12-17 18:00:00,24.7
D,1969-12-18 18:00:00,24.6
D,1969-12-19 18:00:00,25.3
D,1969-12-20 18:00:00,26.5
D,1969-12-21 18:00:00,29.2
D,1969-12-22 18:00:00,33.4
D,1969-12-23 18:00:00,37.7
D,1969-12-24 18:00:00,39.6
D,1969-12-25 18:00:00,39.0
D,1969-12-26 18:00:00,35.5
D,1969-12-27 18:00:00,30.7
D,1969-12-28 18:00:00,25.1
D,1969-12-29 18:00:00,20.0
D,1969-12-30 18:00:00,14.7
D,1969-12-31 18:00:00,8.6
D,1970-01-01 18:00:00,1.6
D,1970-01-02 18:00:00,-3.9
D,1970-01-03 18:00:00,-7.5
D,1970-01-04 18:00:00,-7.3
D,1970-01-05 18:00:00,-5.2
D,1970-01-06 18:00:00,-0.6
D,1970-01-07 18:00:00,2.9
D,1970-01-08 18:00:00,4.2
D,1970-01-09 18:00:00,3.6
D,1970-01-10 18:00:00,2.9
D,1970-01-11 18:00:00,3.1
D,1970-01-12 18:00:00,3.4
D,1970-01-13 18:00:00,3.4
D,1970-01-14 18:00:00,3.8
D,1970-01-15 18:00:00,5.0
D,1970-01-16 18:00:00,7.0
D,1970-01-17 18:00:00,8.9
D,1970-01-18 18:00:00,9.7
D,1970-01-19 18:00:00,9.3
D,1970-01-20 18:00:00,7.8
D,1970-01-21 18:00:00,6.1
D,1970-01-22 18:00:00,4.3
D,1970-01-23 18:00:00,2.3
D,1970-01-24 18:00:00,-0.1
D,1970-01-25 18:00:00,-3.1
D,1970-01-26 18:00:00,-5.4
D,1970-01-27 18:00:00,-8.3
D,1970-01-28 18:00:00,-11.0
D,1970-01-29 18:00:00,-12.5
D,1970-01-30 18:00:00,-10.3
D,1970-01-31 18:00:00,-5.9
D,1970-02-01 18:00:00,-0.9
D,1970-02-02 18:00:00,3.7
D,1970-02-03 18:00:00,7.6
D,1970-02-04 18:00:00,10.6
D,1970-02-05 18:00:00,10.8
D,1970-02-06 18:00:00,9.3
D,1970-02-07 18:00:00,7.1
D,1970-02-08 18:00:00,5.7
D,1970-02-09 18:00:00,5.3
D,1970-02-10 18:00:00,5.3
D,1970-02-11 18:00:00,6.2
D,1970-02-12 18:00:00,7.8
D,1970-02-13 18:00:00,10.0
D,1970-02-14 18:00:00,12.1
D,1970-02-15 18:00:00,14.0
D,1970-02-16 18:00:00,16.0
D,1970-02-17 18:00:00,17.9
D,1970-02-18 18:00:00,20.0
D,1970-02-19 18:00:00,21.9
D,1970-02-20 18:00:00,23.9
D,1970-02-21 18:00:00,25.6
D,1970-02-22 18:00:00,26.7
D,1970-02-23 18:00:00,27.2
D,1970-02-24 18:00:00,27.0
D,1970-02-25 18:00:00,27.0
D,1970-02-26 18:00:00,27.1
D,1970-02-27 18:00:00,27.6
D,1970-02-28 18:00:00,27.9
D,1970-03-01 18:00:00,27.9
D,1970-03-02 18:00:00,27.3
D,1970-03-03 18:00:00,26.3
D,1970-03-04 18:00:00,25.8
D,1970-03-05 18:00:00,26.3
D,1970-03-06 18:00:00,27.6
D,1970-03-07 18:00:00,28.3
D,1970-03-08 18:00:00,27.4
D,1970-03-09 18:00:00,25.6
D,1970-03-10 18:00:00,23.7
D,1970-03-11 18:00:00,21.9
D,1970-03-12 18:00:00,19.3
D,1970-03-13 18:00:00,16.7
D,1970-03-14 18:00:00,15.0
D,1970-03-15 18:00:00,14.9
D,1970-03-16 18:00:00,15.3
D,1970-03-17 18:00:00,16.2
D,1970-03-18 18:00:00,16.5
D,1970-03-19 18:00:00,17.2
D,1970-03-20 18:00:00,18.5
D,1970-03-21 18:00:00,21.3
D,1970-03-22 18:00:00,24.9
D,1970-03-23 18:00:00,28.1
D,1970-03-24 18:00:00,29.3
D,1970-03-25 18:00:00,28.4
D,1970-03-26 18:00:00,26.2
D,1970-03-27 18:00:00,24.4
D,1970-03-28 18:00:00,23.5
D,1970-03-29 18:00:00,22.8
D,1970-03-30 18:00:00,22.1
D,1970-03-31 18:00:00,21.1
D,1970-04-01 18:00:00,20.1
D,1970-04-02 18:00:00,18.7
D,1970-04-03 18:00:00,17.6
D,1970-04-04 18:00:00,16.9
D,1970-04-05 18:00:00,16.3
D,1970-04-06 18:00:00,15.4
D,1970-04-07 18:00:00,13.5
D,1970-04-08 18:00:00,10.9
D,1970-04-09 18:00:00,8.2
D,1970-04-10 18:00:00,5.5
D,1970-04-11 18:00:00,2.7
D,1970-04-12 18:00:00,-0.4
D,1970-04-13 18:00:00,-3.5
D,1970-04-14 18:00:00,-7.0
D,1970-04-15 18:00:00,-10.4
D,1970-04-16 18:00:00,-13.4
D,1970-04-17 18:00:00,-15.2
D,1970-04-18 18:00:00,-16.4
D,1970-04-19 18:00:00,-16.8
D,1970-04-20 18:00:00,-16.1
D,1970-04-21 18:00:00,-14.0
D,1970-04-22 18:00:00,-11.8
D,1970-04-23 18:00:00,-9.9
D,1970-04-24 18:00:00,-8.5
D,1970-04-25 18:00:00,-7.5
D,1970-04-26 18:00:00,-6.9
D,1970-04-27 18:00:00,-6.9
D,1970-04-28 18:00:00,-6.9
D,1970-04-29 18:00:00,-6.5
D,1970-04-30 18:00:00,-5.6
D,1970-05-01 18:00:00,-4.9
D,1970-05-02 18:00:00,-4.8
D,1970-05-03 18:00:00,-5.3
D,1970-05-04 18:00:00,-5.9
D,1970-05-05 18:00:00,-6.5
D,1970-05-06 18:00:00,-7.4
D,1970-05-07 18:00:00,-8.7
D,1970-05-08 18:00:00,-9.6
D,1970-05-09 18:00:00,-10.4
D,1970-05-10 18:00:00,-10.9
D,1970-05-11 18:00:00,-11.6
D,1970-05-12 18:00:00,-12.1
D,1970-05-13 18:00:00,-12.3
D,1970-05-14 18:00:00,-12.3
D,1970-05-15 18:00:00,-12.3
D,1970-05-16 18:00:00,-12.3
D,1970-05-17 18:00:00,-12.1
D,1970-05-18 18:00:00,-12.0
D,1970-05-19 18:00:00,-11.9
D,1970-05-20 18:00:00,-12.0
D,1970-05-21 18:00:00,-12.2
D,1970-05-22 18:00:00,-12.3
D,1970-05-23 18:00:00,-12.4
D,1970-05-24 18:00:00,-12.3
D,1970-05-25 18:00:00,-12.5
D,1970-05-26 18:00:00,-12.9
D,1970-05-27 18:00:00,-13.2
D,1970-05-28 18:00:00,-13.5
D,1970-05-29 18:00:00,-13.6
D,1970-05-30 18:00:00,-14.0
D,1970-05-31 18:00:00,-14.1
D,1970-06-01 18:00:00,-14.1
D,1970-06-02 18:00:00,-14.2
D,1970-06-03 18:00:00,-14.5
D,1970-06-04 18:00:00,-14.6
D,1970-06-05 18:00:00,-14.6
D,1970-06-06 18:00:00,-14.5
D,1970-06-07 18:00:00,-14.3
D,1970-06-08 18:00:00,-14.5
D,1970-06-09 18:00:00,-14.9
D,1970-06-10 18:00:00,-15.2
D,1970-06-11 18:00:00,-15.3
D,1970-06-12 18:00:00,-15.2
D,1970-06-13 18:00:00,-15.2
D,1970-06-14 18:00:00,-15.1
D,1970-06-15 18:00:00,-14.7
D,1970-06-16 18:00:00,-14.4
D,1970-06-17 18:00:00,-14.2
D,1970-06-18 18:00:00,-14.3
D,1970-06-19 18:00:00,-14.3
D,1970-06-20 18:00:00,-14.1
D,1970-06-21 18:00:00,-14.0
D,1970-06-22 18:00:00,-14.0
D,1970-06-23 18:00:00,-14.1
D,1970-06-24 18:00:00,-13.9
D,1970-06-25 18:00:00,-14.0
D,1970-06-26 18:00:00,-14.0
D,1970-06-27 18:00:00,-14.5
D,1970-06-28 18:00:00,-14.5
D,1970-06-29 18:00:00,-14.8
D,1970-06-30 18:00:00,-14.7
D,1970-07-01 18:00:00,-14.7
D,1970-07-02 18:00:00,-14.5
D,1970-07-03 18:00:00,-14.2
D,1970-07-04 18:00:00,-13.8
D,1970-07-05 18:00:00,-13.5
D,1970-07-06 18:00:00,-13.2
D,1970-07-07 18:00:00,-13.0
D,1970-07-08 18:00:00,-12.8
D,1970-07-09 18:00:00,-12.7
D,1970-07-10 18:00:00,-12.7
D,1970-07-11 18:00:00,-12.7
D,1970-07-12 18:00:00,-12.6
D,1970-07-13 18:00:00,-12.3
D,1970-07-14 18:00:00,-12.0
D,1970-07-15 18:00:00,-11.9
D,1970-07-16 18:00:00,-11.9
D,1970-07-17 18:00:00,-12.0
D,1970-07-18 18:00:00,-12.1
D,1970-07-19 18:00:00,-12.0
D,1970-07-20 18:00:00,-12.0
D,1970-07-21 18:00:00,-11.8
D,1970-07-22 18:00:00,-11.7
D,1970-07-23 18:00:00,-11.3
D,1970-07-24 18:00:00,-11.1
D,1970-07-25 18:00:00,-10.8
D,1970-07-26 18:00:00,-10.6
D,1970-07-27 18:00:00,-10.2
D,1970-07-28 18:00:00,-9.7
D,1970-07-29 18:00:00,-9.3
D,1970-07-30 18:00:00,-8.9
D,1970-07-31 18:00:00,-8.7
D,1970-08-01 18:00:00,-8.2
D,1970-08-02 18:00:00,-8.0
D,1970-08-03 18:00:00,-7.8
D,1970-08-04 18:00:00,-7.5
D,1970-08-05 18:00:00,-7.0
D,1970-08-06 18:00:00,-6.5
D,1970-08-07 18:00:00,-6.0
D,1970-08-08 18:00:00,-5.7
D,1970-08-09 18:00:00,-5.4
D,1970-08-10 18:00:00,-5.2
D,1970-08-11 18:00:00,-4.7
D,1970-08-12 18:00:00,-4.2
D,1970-08-13 18:00:00,-3.7
D,1970-08-14 18:00:00,-3.2
D,1970-08-15 18:00:00,-2.9
D,1970-08-16 18:00:00,-2.7
D,1970-08-17 18:00:00,-2.7
D,1970-08-18 18:00:00,-2.6
D,1970-08-19 18:00:00,-2.4
D,1970-08-20 18:00:00,-1.9
D,1970-08-21 18:00:00,-1.5
D,1970-08-22 18:00:00,-1.1
D,1970-08-23 18:00:00,-0.8
D,1970-08-24 18:00:00,-0.4
D,1970-08-25 18:00:00,0.1
D,1970-08-26 18:00:00,0.7
D,1970-08-27 18:00:00,1.3
D,1970-08-28 18:00:00,2.1
D,1970-08-29 18:00:00,3.0
D,1970-08-30 18:00:00,4.0
D,1970-08-31 18:00:00,4.5
D,1970-09-01 18:00:00,4.4
D,1970-09-02 18:00:00,4.3
D,1970-09-03 18:00:00,4.6
D,1970-09-04 18:00:00,5.4
D,1970-09-05 18:00:00,6.1
D,1970-09-06 18:00:00,6.7
D,1970-09-07 18:00:00,6.7
D,1970-09-08 18:00:00,6.7
D,1970-09-09 18:00:00,6.6
D,1970-09-10 18:00:00,6.7
D,1970-09-11 18:00:00,6.4
D,1970-09-12 18:00:00,6.2
D,1970-09-13 18:00:00,6.1
D,1970-09-14 18:00:00,6.5
D,1970-09-15 18:00:00,7.2
D,1970-09-16 18:00:00,8.1
D,1970-09-17 18:00:00,9.0
D,1970-09-18 18:00:00,10.0
D,1970-09-19 18:00:00,10.6
D,1970-09-20 18:00:00,11.1
D,1970-09-21 18:00:00,11.4
D,1970-09-22 18:00:00,11.7
D,1970-09-23 18:00:00,11.7
D,1970-09-24 18:00:00,11.7
D,1970-09-25 18:00:00,11.9
D,1970-09-26 18:00:00,12.7
D,1970-09-27 18:00:00,13.5
D,1970-09-28 18:00:00,13.8
D,1970-09-29 18:00:00,14.0
D,1970-09-30 18:00:00,14.2
D,1970-10-01 18:00:00,14.6
D,1970-10-02 18:00:00,14.7
D,1970-10-03 18:00:00,14.6
D,1970-10-04 18:00:00,14.3
D,1970-10-05 18:00:00,13.7
D,1970-10-06 18:00:00,13.2
D,1970-10-07 18:00:00,12.9
D,1970-10-08 18:00:00,13.1
D,1970-10-09 18:00:00,13.5
D,1970-10-10 18:00:00,13.7
D,1970-10-11 18:00:00,13.6
D,1970-10-12 18:00:00,13.9
D,1970-10-13 18:00:00,14.4
D,1970-10-14 18:00:00,14.9
D,1970-10-15 18:00:00,15.2
D,1970-10-16 18:00:00,15.7
D,1970-10-17 18:00:00,16.4
D,1970-10-18 18:00:00,17.1
D,1970-10-19 18:00:00,17.4
D,1970-10-20 18:00:00,17.0
D,1970-10-21 18:00:00,15.9
D,1970-10-22 18:00:00,14.8
D,1970-10-23 18:00:00,14.1
D,1970-10-24 18:00:00,14.0
D,1970-10-25 18:00:00,14.0
D,1970-10-26 18:00:00,14.5
D,1970-10-27 18:00:00,15.2
D,1970-10-28 18:00:00,15.8
D,1970-10-29 18:00:00,16.0
D,1970-10-30 18:00:00,16.4
D,1970-10-31 18:00:00,17.3
D,1970-11-01 18:00:00,18.7
D,1970-11-02 18:00:00,20.0
D,1970-11-03 18:00:00,21.7
D,1970-11-04 18:00:00,23.8
D,1970-11-05 18:00:00,25.8
D,1970-11-06 18:00:00,26.9
D,1970-11-07 18:00:00,26.9
D,1970-11-08 18:00:00,27.1
D,1970-11-09 18:00:00,27.2
D,1970-11-10 18:00:00,27.8
D,1970-11-11 18:00:00,28.2
D,1970-11-12 18:00:00,29.0
D,1970-11-13 18:00:00,29.1
D,1970-11-14 18:00:00,28.6
D,1970-11-15 18:00:00,28.1
D,1970-11-16 18:00:00,27.9
D,1970-11-17 18:00:00,28.0
D,1970-11-18 18:00:00,28.4
D,1970-11-19 18:00:00,28.8
D,1970-11-20 18:00:00,29.5
D,1970-11-21 18:00:00,30.2
D,1970-11-22 18:00:00,30.8
D,1970-11-23 18:00:00,31.7
D,1970-11-24 18:00:00,32.2
D,1970-11-25 18:00:00,31.7
D,1970-11-26 18:00:00,30.0
D,1970-11-27 18:00:00,28.4
D,1970-11-28 18:00:00,28.7
D,1970-11-29 18:00:00,31.0
D,1970-11-30 18:00:00,34.3
D,1970-12-01 18:00:00,37.0
D,1970-12-02 18:00:00,38.8
D,1970-12-03 18:00:00,39.8
D,1970-12-04 18:00:00,40.2
D,1970-12-05 18:00:00,39.6
D,1970-12-06 18:00:00,38.0
D,1970-12-07 18:00:00,36.7
D,1970-12-08 18:00:00,36.7
D,1970-12-09 18:00:00,37.9
D,1970-12-10 18:00:00,39.7
D,1970-12-11 18:00:00,41.4
D,1970-12-12 18:00:00,44.1
D,1970-12-13 18:00:00,46.5
D,1970-12-14 18:00:00,48.0
D,1970-12-15 18:00:00,47.4
D,1970-12-16 18:00:00,46.1
D,1970-12-17 18:00:00,44.7
D,1970-12-18 18:00:00,44.3
D,1970-12-19 18:00:00,44.3
D,1970-12-20 18:00:00,44.1
D,1970-12-21 18:00:00,43.7
D,1970-12-22 18:00:00,44.8
D,1970-12-23 18:00:00,46.1
D,1970-12-24 18:00:00,46.3
D,1970-12-25 18:00:00,44.7
D,1970-12-26 18:00:00,42.1
D,1970-12-27 18:00:00,40.2
D,1970-12-28 18:00:00,38.2
D,1970-12-29 18:00:00,37.6
D,1970-12-30 18:00:00,37.3
D,1970-12-31 18:00:00,37.8
D,1971-01-01 18:00:00,37.8
D,1971-01-02 18:00:00,38.3
D,1971-01-03 18:00:00,38.8
D,1971-01-04 18:00:00,38.9
D,1971-01-05 18:00:00,36.9
D,1971-01-06 18:00:00,34.0
D,1971-01-07 18:00:00,30.0
D,1971-01-08 18:00:00,26.8
D,1971-01-09 18:00:00,22.4
D,1971-01-10 18:00:00,18.4
D,1971-01-11 18:00:00,14.5
D,1971-01-12 18:00:00,11.4
D,1971-01-13 18:00:00,10.3
D,1971-01-14 18:00:00,9.8
D,1971-01-15 18:00:00,9.3
D,1971-01-16 18:00:00,7.1
D,1971-01-17 18:00:00,2.1
D,1971-01-18 18:00:00,-2.9
D,1971-01-19 18:00:00,-5.7
D,1971-01-20 18:00:00,-5.0
D,1971-01-21 18:00:00,-2.4
D,1971-01-22 18:00:00,-0.3
D,1971-01-23 18:00:00,1.4
D,1971-01-24 18:00:00,2.5
D,1971-01-25 18:00:00,3.0
D,1971-01-26 18:00:00,3.4
D,1971-01-27 18:00:00,3.3
D,1971-01-28 18:00:00,3.9
D,1971-01-29 18:00:00,5.2
D,1971-01-30 18:00:00,7.1
D,1971-01-31 18:00:00,9.2
D,1971-02-01 18:00:00,10.8
D,1971-02-02 18:00:00,12.1
D,1971-02-03 18:00:00,12.5
D,1971-02-04 18:00:00,11.6
D,1971-02-05 18:00:00,10.6
D,1971-02-06 18:00:00,9.7
D,1971-02-07 18:00:00,9.9
D,1971-02-08 18:00:00,10.7
D,1971-02-09 18:00:00,12.1
D,1971-02-10 18:00:00,13.5
D,1971-02-11 18:00:00,14.6
D,1971-02-12 18:00:00,15.9
D,1971-02-13 18:00:00,17.4
D,1971-02-14 18:00:00,18.6
D,1971-02-15 18:00:00,19.4
D,1971-02-16 18:00:00,19.6
D,1971-02-17 18:00:00,19.8
D,1971-02-18 18:00:00,19.9
D,1971-02-19 18:00:00,20.8
D,1971-02-20 18:00:00,22.0
D,1971-02-21 18:00:00,23.1
D,1971-02-22 18:00:00,24.2
D,1971-02-23 18:00:00,25.0
D,1971-02-24 18:00:00,25.3
D,1971-02-25 18:00:00,25.4
D,1971-02-26 18:00:00,25.3
D,1971-02-27 18:00:00,25.1
D,1971-02-28 18:00:00,24.1
D,1971-03-01 18:00:00,23.1
D,1971-03-02 18:00:00,22.3
D,1971-03-03 18:00:00,21.3
D,1971-03-04 18:00:00,20.0
D,1971-03-05 18:00:00,18.6
D,1971-03-06 18:00:00,17.9
D,1971-03-07 18:00:00,17.4
D,1971-03-08 18:00:00,17.0
D,1971-03-09 18:00:00,16.5
D,1971-03-10 18:00:00,15.5
D,1971-03-11 18:00:00,14.5
D,1971-03-12 18:00:00,13.7
D,1971-03-13 18:00:00,13.7
D,1971-03-14 18:00:00,13.6
D,1971-03-15 18:00:00,12.5
D,1971-03-16 18:00:00,10.4
D,1971-03-17 18:00:00,7.8
D,1971-03-18 18:00:00,4.9
D,1971-03-19 18:00:00,1.9
D,1971-03-20 18:00:00,-1.1
D,1971-03-21 18:00:00,-2.9
D,1971-03-22 18:00:00,-3.6
D,1971-03-23 18:00:00,-3.4
D,1971-03-24 18:00:00,-2.4
D,1971-03-25 18:00:00,-1.0
D,1971-03-26 18:00:00,0.4
D,1971-03-27 18:00:00,1.6
D,1971-03-28 18:00:00,2.3
D,1971-03-29 18:00:00,2.8
D,1971-03-30 18:00:00,3.6
D,1971-03-31 18:00:00,4.3
D,1971-04-01 18:00:00,5.1
D,1971-04-02 18:00:00,5.2
D,1971-04-03 18:00:00,4.9
D,1971-04-04 18:00:00,4.5
D,1971-04-05 18:00:00,4.5
D,1971-04-06 18:00:00,4.8
D,1971-04-07 18:00:00,4.8
D,1971-04-08 18:00:00,4.8
D,1971-04-09 18:00:00,4.7
D,1971-04-10 18:00:00,4.9
D,1971-04-11 18:00:00,5.1
D,1971-04-12 18:00:00,5.3
D,1971-04-13 18:00:00,5.6
D,1971-04-14 18:00:00,5.9
D,1971-04-15 18:00:00,5.9
D,1971-04-16 18:00:00,5.3
D,1971-04-17 18:00:00,4.5
D,1971-04-18 18:00:00,4.2
D,1971-04-19 18:00:00,4.0
D,1971-04-20 18:00:00,3.8
D,1971-04-21 18:00:00,3.1
D,1971-04-22 18:00:00,2.1
D,1971-04-23 18:00:00,0.7
D,1971-04-24 18:00:00,-0.4
D,1971-04-25 18:00:00,-0.8
D,1971-04-26 18:00:00,-0.7
D,1971-04-27 18:00:00,-0.7
D,1971-04-28 18:00:00,-0.8
D,1971-04-29 18:00:00,-0.9
D,1971-04-30 18:00:00,-0.6
D,1971-05-01 18:00:00,-0.4
D,1971-05-02 18:00:00,-0.0
D,1971-05-03 18:00:00,0.5
D,1971-05-04 18:00:00,1.1
D,1971-05-05 18:00:00,1.4
D,1971-05-06 18:00:00,1.5
D,1971-05-07 18:00:00,1.4
D,1971-05-08 18:00:00,0.9
D,1971-05-09 18:00:00,0.2
D,1971-05-10 18:00:00,-0.4
D,1971-05-11 18:00:00,-0.6
D,1971-05-12 18:00:00,-0.9
D,1971-05-13 18:00:00,-1.5
D,1971-05-14 18:00:00,-2.2
D,1971-05-15 18:00:00,-2.9
D,1971-05-16 18:00:00,-3.4
D,1971-05-17 18:00:00,-3.7
D,1971-05-18 18:00:00,-4.0
D,1971-05-19 18:00:00,-4.2
D,1971-05-20 18:00:00,-4.3
D,1971-05-21 18:00:00,-4.4
D,1971-05-22 18:00:00,-5.0
D,1971-05-23 18:00:00,-5.7
D,1971-05-24 18:00:00,-6.1
D,1971-05-25 18:00:00,-6.4
D,1971-05-26 18:00:00,-6.6
D,1971-05-27 18:00:00,-6.7
D,1971-05-28 18:00:00,-6.8
D,1971-05-29 18:00:00,-7.0
D,1971-05-30 18:00:00,-7.7
D,1971-05-31 18:00:00,-8.1
D,1971-06-01 18:00:00,-8.8
D,1971-06-02 18:00:00,-9.0
D,1971-06-03 18:00:00,-9.4
D,1971-06-04 18:00:00,-9.4
D,1971-06-05 18:00:00,-9.7
D,1971-06-06 18:00:00,-9.9
D,1971-06-07 18:00:00,-10.1
D,1971-06-08 18:00:00,-10.3
D,1971-06-09 18:00:00,-10.4
D,1971-06-10 18:00:00,-10.5
D,1971-06-11 18:00:00,-10.9
D,1971-06-12 18:00:00,-11.0
D,1971-06-13 18:00:00,-11.1
D,1971-06-14 18:00:00,-11.0
D,1971-06-15 18:00:00,-11.0
D,1971-06-16 18:00:00,-11.0
D,1971-06-17 18:00:00,-10.9
D,1971-06-18 18:00:00,-11.0
D,1971-06-19 18:00:00,-11.3
D,1971-06-20 18:00:00,-11.6
D,1971-06-21 18:00:00,-11.8
D,1971-06-22 18:00:00,-11.8
D,1971-06-23 18:00:00,-11.7
D,1971-06-24 18:00:00,-11.8
D,1971-06-25 18:00:00,-12.1
D,1971-06-26 18:00:00,-12.3
D,1971-06-27 18:00:00,-12.3
D,1971-06-28 18:00:00,-12.1
D,1971-06-29 18:00:00,-12.2
D,1971-06-30 18:00:00,-11.9
D,1971-07-01 18:00:00,-11.8
D,1971-07-02 18:00:00,-11.6
D,1971-07-03 18:00:00,-12.0
D,1971-07-04 18:00:00,-12.2
D,1971-07-05 18:00:00,-12.4
D,1971-07-06 18:00:00,-12.5
D,1971-07-07 18:00:00,-12.6
D,1971-07-08 18:00:00,-12.7
D,1971-07-09 18:00:00,-12.3
D,1971-07-10 18:00:00,-11.7
D,1971-07-11 18:00:00,-11.2
D,1971-07-12 18:00:00,-11.2
D,1971-07-13 18:00:00,-11.3
D,1971-07-14 18:00:00,-11.2
D,1971-07-15 18:00:00,-10.9
D,1971-07-16 18:00:00,-10.8
D,1971-07-17 18:00:00,-11.0
D,1971-07-18 18:00:00,-11.1
D,1971-07-19 18:00:00,-11.2
D,1971-07-20 18:00:00,-11.1
D,1971-07-21 18:00:00,-11.0
D,1971-07-22 18:00:00,-10.8
D,1971-07-23 18:00:00,-10.5
D,1971-07-24 18:00:00,-10.4
D,1971-07-25 18:00:00,-10.2
D,1971-07-26 18:00:00,-10.2
D,1971-07-27 18:00:00,-10.0
D,1971-07-28 18:00:00,-9.8
D,1971-07-29 18:00:00,-9.6
D,1971-07-30 18:00:00,-9.4
D,1971-07-31 18:00:00,-9.0
D,1971-08-01 18:00:00,-8.7
D,1971-08-02 18:00:00,-8.5
D,1971-08-03 18:00:00,-8.2
D,1971-08-04 18:00:00,-7.9
D,1971-08-05 18:00:00,-7.5
D,1971-08-06 18:00:00,-6.9
D,1971-08-07 18:00:00,-6.2
D,1971-08-08 18:00:00,-5.6
D,1971-08-09 18:00:00,-5.5
D,1971-08-10 18:00:00,-5.2
D,1971-08-11 18:00:00,-4.8
D,1971-08-12 18:00:00,-4.4
D,1971-08-13 18:00:00,-4.4
D,1971-08-14 18:00:00,-4.5
D,1971-08-15 18:00:00,-4.2
D,1971-08-16 18:00:00,-3.7
D,1971-08-17 18:00:00,-3.2
D,1971-08-18 18:00:00,-2.8
D,1971-08-19 18:00:00,-2.7
D,1971-08-20 18:00:00,-2.7
D,1971-08-21 18:00:00,-2.4
D,1971-08-22 18:00:00,-2.0
D,1971-08-23 18:00:00,-1.4
D,1971-08-24 18:00:00,-0.7
D,1971-08-25 18:00:00,-0.1
D,1971-08-26 18:00:00,0.5
D,1971-08-27 18:00:00,0.8
D,1971-08-28 18:00:00,1.1
D,1971-08-29 18:00:00,1.4
D,1971-08-30 18:00:00,1.8
D,1971-08-31 18:00:00,2.5
D,1971-09-01 18:00:00,3.2
D,1971-09-02 18:00:00,3.8
D,1971-09-03 18:00:00,4.2
D,1971-09-04 18:00:00,4.3
D,1971-09-05 18:00:00,4.5
D,1971-09-06 18:00:00,4.6
D,1971-09-07 18:00:00,4.9
D,1971-09-08 18:00:00,5.0
D,1971-09-09 18:00:00,5.0
D,1971-09-10 18:00:00,5.0
D,1971-09-11 18:00:00,4.9
D,1971-09-12 18:00:00,4.8
D,1971-09-13 18:00:00,4.8
D,1971-09-14 18:00:00,4.8
D,1971-09-15 18:00:00,5.3
D,1971-09-16 18:00:00,6.1
D,1971-09-17 18:00:00,7.1
D,1971-09-18 18:00:00,8.0
D,1971-09-19 18:00:00,8.5
D,1971-09-20 18:00:00,9.0
D,1971-09-21 18:00:00,9.4
D,1971-09-22 18:00:00,9.8
D,1971-09-23 18:00:00,10.3
D,1971-09-24 18:00:00,10.3
D,1971-09-25 18:00:00,10.2
D,1971-09-26 18:00:00,10.2
D,1971-09-27 18:00:00,10.3
D,1971-09-28 18:00:00,10.8
D,1971-09-29 18:00:00,11.4
D,1971-09-30 18:00:00,12.5
D,1971-10-01 18:00:00,13.6
D,1971-10-02 18:00:00,14.9
D,1971-10-03 18:00:00,16.3
D,1971-10-04 18:00:00,17.5
D,1971-10-05 18:00:00,18.3
D,1971-10-06 18:00:00,18.2
D,1971-10-07 18:00:00,18.0
D,1971-10-08 18:00:00,17.5
D,1971-10-09 18:00:00,17.3
D,1971-10-10 18:00:00,17.1
D,1971-10-11 18:00:00,17.7
D,1971-10-12 18:00:00,18.8
D,1971-10-13 18:00:00,20.4
D,1971-10-14 18:00:00,22.0
D,1971-10-15 18:00:00,23.5
D,1971-10-16 18:00:00,24.4
D,1971-10-17 18:00:00,24.4
D,1971-10-18 18:00:00,23.1
D,1971-10-19 18:00:00,21.7
D,1971-10-20 18:00:00,20.8
D,1971-10-21 18:00:00,20.6
D,1971-10-22 18:00:00,21.1
D,1971-10-23 18:00:00,21.7
D,1971-10-24 18:00:00,22.4
D,1971-10-25 18:00:00,22.2
D,1971-10-26 18:00:00,21.8
D,1971-10-27 18:00:00,21.6
D,1971-10-28 18:00:00,22.3
D,1971-10-29 18:00:00,23.3
D,1971-10-30 18:00:00,24.0
D,1971-10-31 18:00:00,25.1
D,1971-11-01 18:00:00,26.8
D,1971-11-02 18:00:00,28.3
D,1971-11-03 18:00:00,28.8
D,1971-11-04 18:00:00,28.9
D,1971-11-05 18:00:00,29.4
D,1971-11-06 18:00:00,30.6
D,1971-11-07 18:00:00,31.7
D,1971-11-08 18:00:00,32.9
D,1971-11-09 18:00:00,34.0
D,1971-11-10 18:00:00,35.1
D,1971-11-11 18:00:00,35.8
D,1971-11-12 18:00:00,36.7
D,1971-11-13 18:00:00,37.5
D,1971-11-14 18:00:00,38.9
D,1971-11-15 18:00:00,40.2
D,1971-11-16 18:00:00,41.1
D,1971-11-17 18:00:00,40.9
D,1971-11-18 18:00:00,40.3
D,1971-11-19 18:00:00,39.4
D,1971-11-20 18:00:00,39.0
D,1971-11-21 18:00:00,37.9
D,1971-11-22 18:00:00,36.0
D,1971-11-23 18:00:00,32.6
D,1971-11-24 18:00:00,29.2
D,1971-11-25 18:00:00,26.0
D,1971-11-26 18:00:00,23.7
D,1971-11-27 18:00:00,22.4
D,1971-11-28 18:00:00,22.7
D,1971-11-29 18:00:00,25.1
D,1971-11-30 18:00:00,29.2
D,1971-12-01 18:00:00,33.2
D,1971-12-02 18:00:00,36.0
D,1971-12-03 18:00:00,37.4
D,1971-12-04 18:00:00,38.0
D,1971-12-05 18:00:00,38.0
D,1971-12-06 18:00:00,38.5
D,1971-12-07 18:00:00,38.2
D,1971-12-08 18:00:00,37.7
D,1971-12-09 18:00:00,36.0
D,1971-12-10 18:00:00,35.2
D,1971-12-11 18:00:00,35.3
D,1971-12-12 18:00:00,36.4
D,1971-12-13 18:00:00,38.3
D,1971-12-14 18:00:00,40.2
D,1971-12-15 18:00:00,41.7
D,1971-12-16 18:00:00,42.8
D,1971-12-17 18:00:00,43.8
D,1971-12-18 18:00:00,46.0
D,1971-12-19 18:00:00,49.1
D,1971-12-20 18:00:00,52.3
D,1971-12-21 18:00:00,54.2
D,1971-12-22 18:00:00,54.2
D,1971-12-23 18:00:00,53.3
D,1971-12-24 18:00:00,51.3
D,1971-12-25 18:00:00,48.5
D,1971-12-26 18:00:00,47.0
D,1971-12-27 18:00:00,48.8
D,1971-12-28 18:00:00,53.3
D,1971-12-29 18:00:00,57.1
D,1971-12-30 18:00:00,58.1
D,1971-12-31 18:00:00,55.7
